k,X,logX,slope_data,slope_log,slope_pi,ratio_log,ratio_pi
0,2750159,14.827169286153165,0.9053161901116942,0.7209972809491637,0.8571010156975888,1.2556443887276274,1.0562537828459617
1,4262509,15.26536851200863,0.921969665494327,0.7148989346168121,0.8452972701177206,1.2896503559464745,1.090704652773726
2,6601211,15.702763675013852,0.8486019536210819,0.7089878128315042,0.8340016680202194,1.1969203676886868,1.0175063026378846
3,10213061,16.13917794932219,0.9195046938922876,0.6979046406449323,0.8156405241915416,1.3175219655260855,1.1273406195746534
4,15485863,16.555438101189427,0.9075339183355703,0.6930343772370066,0.8064323408630429,1.3095077937601476,1.125368952049131
5,24373961,17.00902594829866,0.8975785658859413,0.687901201895252,0.7968373488813708,1.3048073813695957,1.1264263242002834
6,37614323,17.44289546667545,0.9417032274557208,0.6789681880589092,0.7823454487808431,1.3869622229989012,1.203692344504861
7,57995527,17.875876444847083,0.9019907647873644,0.674698813995087,0.7744423402952626,1.3368791319587712,1.1646971218586433
8,89359883,18.30818240341371,0.8662182734550185,0.6705805255891448,0.7668949024565092,1.291743855361732,1.1295136669709993
9,160481183,18.893687253785824,0.8285578070636471,0.6619468744140645,0.7528440624556332,1.2516983448211936,1.1005702885681932
10,211733111,19.170837129165566,0.8273686459134131,0.6596381368158597,0.7486527832889397,1.2542765491201064,1.1051433513392728
11,325619971,19.60124152620677,0.8019078445048448,0.6561520695558909,0.742369138123503,1.2221371869597348,1.0802009449528553
12,500465113,20.031048449994387,0.8197682164718447,0.6471552627368335,0.7290079662984781,1.2667257205095224,1.1244982968213637
13,768813691,20.460359223734425,0.8118336317204918,0.6442414766570852,0.7237317453379709,1.2601387230344563,1.1217327925022533
14,1180371793,20.88909530461064,0.8092988148852025,0.641417596285165,0.7186604302341296,1.261734663302564,1.1261212957300908
15,2038074743,21.435271445755504,0.8147592927673164,0.6356999161777981,0.7096295165307228,1.2816728019505315,1.1481474118361903
16,2778410251,21.745144748920875,0.8085172465445284,0.6338738764867666,0.7063707846790654,1.2755175383243733,1.1446074272619762
17,4259763509,22.172479481367464,0.7998736050390299,0.6314185844026661,0.7020164650894938,1.26678818900417,1.1393943658245411
18,6528037501,22.599372199230196,0.7889461485518958,0.6290375249627281,0.6978228325649991,1.254211580777542,1.1305823079075146
19,9999999967,23.025850926640455,0.7794824328859785,0.6248914785579442,0.6914988368888941,1.2473884820525674,1.1272360722874522
