k,N,X,logX,C_W,C_fit,SE,delta,s_wolf,SE_s,s_env_min,s_env_max,g_max,n_points,env_min,env_max,env_spread
0,200000,2750159,14.827169286153165,1.0782772404179661,1.248289206901257,0.0037710377150268854,0.17001196648329087,1.157669994423132,0.0034972802667754916,0.9456950133942993,1.2574193696432583,44,21,1.0197214093198366,1.355846687947031,0.33612527862719443
1,300411,4262509,15.26536851200863,1.0758650879238083,1.2391361023201377,0.003120054256294086,0.1632710143963294,1.1517578888180189,0.0029000422927703043,0.9416722353720538,1.2472943894956523,44,21,1.0131122823039638,1.3419204880216127,0.3288082057176489
2,451234,6601211,15.702763675013852,1.0733819694797213,1.2310825761584865,0.002528219954695487,0.15770060667876518,1.1469193736831673,0.0023553777001871384,0.9303010168109932,1.2585917111636402,46,22,0.9985683376335712,1.3509496496996807,0.35238131206610945
3,677778,10213061,16.13917794932219,1.0710579083132563,1.2251354053678472,0.0020158796054621556,0.15407749705459084,1.143855431026356,0.0018821387618871525,0.9475182291308041,1.2454858299550782,48,23,1.0148468925815197,1.333987447865486,0.31914055528396634
4,1000000,15485863,16.555438101189427,1.0690678395636992,1.2159528684640988,0.001679058113086934,0.14688502890039956,1.137395423811781,0.0015705814457688484,0.9424056563957914,1.2447865734047503,48,23,1.0074955790756586,1.3307612927477164,0.3232657136720578
5,1529183,24373961,17.00902594829866,1.0671188538743124,1.210884284533147,0.0013449198539613005,0.14376543065883451,1.1347229787355697,0.0012603280778691107,0.9373277388229253,1.2330894463472657,50,24,1.0002401023573209,1.3158529967106045,0.31561289435328366
6,2296917,37614323,17.44289546667545,1.0651496539397975,1.2040419516103977,0.0010905842175656822,0.13889229767060018,1.1303969795764026,0.0010238788639059372,0.9330324470031366,1.2240280314487153,52,25,0.9938191880399935,1.3037730341102107,0.30995384607021725
7,3450095,57995527,17.875876444847083,1.0634177346639975,1.1967337139385823,0.0009010494639967033,0.13331597927458483,1.1253655782943173,0.0008473146860592871,0.9289350039090797,1.2176782059867697,52,25,0.9878459575070851,1.294900599360171,0.30705464185308584
8,5182233,89359883,18.30818240341371,1.0617434114253466,1.1922987950513697,0.0007200455868357297,0.13055538362602315,1.1229632152374347,0.0006781728797064993,0.9491074847499048,1.207135786437251,54,26,1.007708618667694,1.2816684679455055,0.2739598492778115
9,9000000,160481183,18.893687253785824,1.0595833237599728,1.1853607455419577,0.0005450259006428526,0.12577742178198492,1.1187046067652884,0.0005143775750535663,0.9436783923075198,1.1994499739229214,56,27,0.9999058874816694,1.2709171900530618,0.2710113025713924
10,11691997,211733111,19.170837129165566,1.0586221925473547,1.1816875313715574,0.00048193416199542174,0.12306533882420267,1.116250480757513,0.0004552466077021748,0.9413099797475102,1.1950122773903864,56,27,0.9964916346270153,1.2650665172120183,0.26857488258500306
11,17562024,325619971,19.60124152620677,1.057175556695323,1.1749516733129586,0.0003912253447050401,0.11777611661763565,1.1114063940201169,0.00037006658187216385,0.938186097980082,1.191011605542573,58,28,0.9918274104159059,1.25910835712006,0.26728094670415414
12,26379128,500465113,20.031048449994387,1.0558210298998474,1.1728178898288764,0.0003105115250044203,0.11699685992902897,1.1108112612041143,0.0002940948477166387,0.9829095717746794,1.184831283118849,60,29,1.03777659636956,1.2509697856001007,0.21319318923054076
13,39622904,768813691,20.460359223734425,1.0544802451073203,1.1673636579353293,0.00025618100209382584,0.11288341282800896,1.1070512352903492,0.0002429452835010227,0.9805520627488366,1.1807395717670552,60,29,1.0339727794678817,1.2450665530448368,0.21109377357695513
14,59515785,1180371793,20.88909530461064,1.0532536547946094,1.1646083623667278,0.00020839539601867315,0.1113547075721184,1.10572449197324,0.00019785869725684593,0.9776866764062202,1.1756188474691496,62,30,1.029752065168846,1.2382248477423083,0.20847278257346225
15,100000000,2038074743,21.435271445755504,1.0517411846340468,1.1584339556075807,0.00016071969953018392,0.10669277097353391,1.1014439412778703,0.00015281297516756115,0.9744688287306703,1.172351128649017,64,31,1.0248890003181472,1.233009964852379,0.20812096453423168
16,134277704,2778410251,21.745144748920875,1.0509204351595778,1.1550192322713222,0.0001398122532630082,0.10409879711174441,1.099054879540845,0.0001330379052356883,0.9729348068039037,1.169387699069102,64,31,1.0224770705482582,1.228933429575958,0.20645635902769977
17,201692513,4259763509,22.172479481367464,1.0498289627087232,1.1528375973512415,0.00011188501108732622,0.1030086346425183,1.0981194445014546,0.00010657451362233841,0.958872619907127,1.1659799334121745,66,32,1.006652247926895,1.2240795040332892,0.21742725610639435
18,302953271,6528037501,22.599372199230196,1.0487920342452781,1.1485193270544918,9.226720007678248e-05,0.09972729280921366,1.0950877672149546,8.797473385005154e-05,0.9563978641562865,1.1624120486589695,66,32,1.0030624614963108,1.219128497144262,0.21606603564795113
19,455052511,9999999967,23.025850926640455,1.0477971316656722,1.145995578016743,7.503493181451167e-05,0.09819844635107078,1.093718949387622,7.161207980711822e-05,0.9542677432185237,1.159590905593501,68,33,0.9998790041854434,1.2150160247864696,0.21513702060102624
