k,X,logX,gstar_x713,gstar_x614,gstar_x515,gstar_b02,gstar_b03,gstar_b05,gstar_interp,gstar_wls,SE_gstar,gstar,ratio,deficit
0,2750159,14.827169286153165,13.794032040573494,14.260633084121695,14.569852848672218,13.542655398881466,14.569852848672218,14.18033870340716,14.6221081083333,14.13312382959376,0.45144548439711474,14.13312382959376,0.9531909669900672,0.6940454565594045
1,4262509,15.26536851200863,14.290937124596006,14.535189923682088,15.026720602732945,14.292636979880541,14.821648784762605,14.512748669319121,14.302945024012303,14.55437750359661,0.39010133651065426,14.55437750359661,0.9534245761671124,0.7109910084120195
2,6601211,15.702763675013852,14.524159942305776,14.984881843204946,15.480697012436847,14.491429581020906,15.480697012436847,15.150248226822269,14.359129977173597,14.94274446110924,0.38278086612982587,14.94274446110924,0.9515996527978098,0.7600192139046111
3,10213061,16.13917794932219,15.050019853139846,15.442229941610309,15.369997170251853,15.522398282666556,15.475703226869715,15.2535282271224,14.678879736958953,15.491389010949334,0.4302531444725379,15.491389010949334,0.9598623337318082,0.6477889383728552
4,15485863,16.555438101189427,15.487701664913306,16.000606260289313,15.960760176372169,15.72190349978652,15.844959941924678,15.633187279194933,16.15198648835014,15.89136517989849,0.434864219516985,15.89136517989849,0.9598879282304691,0.6640729212909378
5,24373961,17.00902594829866,16.105160071093575,16.105160071093575,16.280675283888176,16.105160071093575,16.18055364046331,16.069762378295973,15.587327902453573,16.114795783970287,0.5846696784422613,16.114795783970287,0.9474261390954125,0.8942301643283734
6,37614323,17.44289546667545,16.646289694624397,16.440450883701782,16.5584361537916,16.482488142155393,16.618339375008194,16.48797750709771,16.333477979898753,16.38392706034905,0.33689809444630736,16.38392706034905,0.9392894139422234,1.0589684063264002
7,57995527,17.875876444847083,16.973559832517648,16.87949700725881,17.098841145505357,16.90773273478269,17.03073818177054,16.79324787567461,16.634711127923172,16.866105272249698,0.304932654851685,16.866105272249698,0.9435120747386647,1.009771172597386
8,89359883,18.30818240341371,17.84250655654722,17.66482835332145,17.69257439443181,17.66482835332145,17.61647546058315,17.309056372957883,18.164844333791837,17.659160012447416,0.3878910301102545,17.659160012447416,0.9645501461223546,0.6490223909662944
9,160481183,18.893687253785824,18.19594518985783,18.12016321608956,18.310179377210098,18.12016321608956,18.155876067249622,17.8438019169631,18.13976024520246,18.119858160437435,0.20723559671163078,18.119858160437435,0.9590429817666568,0.7738290933483896
10,211733111,19.170837129165566,18.513479592094093,18.375584290095087,18.56306298506182,18.442538349758127,18.42343117222823,18.094262679003585,18.27169685495083,18.35780033266453,0.25332878713124896,18.35780033266453,0.9575899168605361,0.8130367965010343
11,325619971,19.60124152620677,19.014014715320666,18.94240948310932,19.10710662651382,19.007960619183,18.932457785037005,18.53591456095896,18.6197668698249,18.949268125492036,0.28859475337472884,18.949268125492036,0.9667381578945881,0.6519734007147342
12,500465113,20.031048449994387,19.283854459171913,19.533561322565077,19.42691376445458,19.53888041076684,19.23443642902064,18.98327549399856,18.764154182144313,19.548072132585343,0.37640769100423815,19.548072132585343,0.9758886151858327,0.4829763174090438
13,768813691,20.460359223734425,19.807755452570966,19.9582168983368,19.842933409937974,19.93449486480223,19.52480938422459,19.382004426090827,19.08915960392691,19.970636573075986,0.3319984341878991,19.970636573075986,0.9760648068148113,0.48972265065843956
14,1180371793,20.88909530461064,20.15496730634222,20.288811338654423,20.185692830217416,20.229149694236128,19.905793106169796,19.7731277267775,19.30968678069773,20.304404875210246,0.32033519628613566,20.304404875210246,0.9720097773084821,0.5846904294003927
15,2038074743,21.435271445755504,20.73998224256712,20.81591044981625,20.679181968497307,20.82444872491912,20.509828054673086,20.317595873261425,22.05946481211818,20.811129962043506,0.27594077666332545,20.811129962043506,0.9708825015213144,0.6241414837119983
16,2778410251,21.745144748920875,21.204256902131203,21.164160156337303,21.01834778551321,21.180157741103642,20.77679809628664,20.64689594625708,22.261420533604884,21.14013043656628,0.2779629287236443,21.14013043656628,0.9721770390889387,0.6050143123545944
17,4259763509,22.172479481367464,21.762812206987636,21.691939016412316,21.48004848253003,21.539433968828593,21.23346481232851,21.090463185716434,22.558998860798766,21.647512512491883,0.2713949629722794,21.647512512491883,0.9763234883443354,0.5249669688755816
18,6528037501,22.599372199230196,22.16963313012462,22.04455064686427,21.85933037461374,21.877893212901473,21.681897140604242,21.522681290781946,22.727342092937974,22.00017435211177,0.26968323981775805,22.00017435211177,0.973486084399334,0.5991978471184254
19,9999999967,23.025850926640455,22.559172951210492,22.343607836360952,22.31488295736552,22.279896393293512,22.087006286885124,21.942768463036074,23.035271077914405,22.36965928447515,0.2677319991383362,22.36965928447515,0.9715019590695733,0.6561916421653038
