k,X_lo,X_hi,n_gaps,m1,logX_eff,logX_eff_density,ratio,E2,SE_E2,E3,SE_E3,D_left,SE_D_left,D_mid,SE_D_mid,W2,SE_W2
1,2750159,4262509,100411,15.061616755136388,15.062219468982503,15.061165833038043,1.000040016543769,0.8460581942367876,0.0020128101625947886,0.6832334661451372,0.005075975739298169,0.05643229498609714,0.0010868674070122703,0.10568757981934718,0.0010928831144973578,0.00256995724450303,4.826967388854672e-05
2,4262509,6601211,150823,15.506255677184514,15.499958366285432,15.498938249291298,0.9995938857819591,0.8457449237173963,0.0016857899258842807,0.6819019001731002,0.004332127185638563,0.057665312619598286,0.0008706516300480818,0.10591935349168535,0.0008722217602393714,0.0025405608341177513,3.8918588780343866e-05
3,6601211,10213061,226544,15.94336641005721,15.936792110519693,15.935804399805889,0.9995876467134713,0.8506561726114624,0.0013475021829730336,0.6925981042844492,0.003502444934802405,0.055812405777513896,0.000691347198198974,0.10311794042207212,0.0006945750378777218,0.0023991087489204205,3.0608060091355796e-05
4,10213061,15485863,322222,16.36381128538709,16.361705873597607,16.360829995906386,0.9998713373215589,0.8519515327061866,0.0011505481628870703,0.6941527929184041,0.0029735704530659468,0.05520593346912672,0.0005863041881907225,0.10163109328741082,0.0005893869486226098,0.0023323346124118406,2.623118334861792e-05
5,15485863,24373961,529183,16.79588346564421,16.799318681209407,16.79830722770996,1.0002045272326534,0.8560236094649083,0.0009238619440747429,0.7025290917899295,0.0024157898480618514,0.054829037775312894,0.00044796654542224567,0.10038066552193503,0.0004503167625554766,0.0022312077480442466,1.9872025367470032e-05
6,24373961,37614323,767734,17.246035736335763,17.2415986078739,17.240696261389296,0.9997427160345891,0.8580360000299035,0.0007597315250870265,0.7058327453402139,0.0019583056880941056,0.054172625343715586,0.00037457158070281356,0.09884626144854469,0.0003769513065946073,0.0021477468301800504,1.6209666659866234e-05
7,37614323,57995527,1153178,17.67394279113892,17.67496006943589,17.674083444143907,1.0000575580847462,0.8618926732989852,0.0006476722966155063,0.7149906016054905,0.0017123301027873095,0.0533881936323668,0.00030563068652544087,0.097256194786974,0.0003083129878929485,0.002066705010305697,1.3190438255256098e-05
8,57995527,89359883,1732138,18.107307847296234,18.10755516567644,18.1067021503689,1.0000136584843144,0.8653620222840458,0.0005254829969921649,0.720973149812142,0.0013733931751598572,0.0522669310199414,0.0002446167094794428,0.09534647668884022,0.0002463862014464511,0.0019624270564094514,1.0304733222354617e-05
9,89359883,160481183,3817767,18.629038912013225,18.6293409176697,18.627830503454692,1.0000162115532585,0.8679248839792064,0.0003681745362279898,0.7263260234506804,0.0009793620982000808,0.0514826885564692,0.00016721170675874954,0.09364789496872106,0.00016837353122890191,0.0018883598605651947,7.0812723770356e-06
10,160481183,211733111,2691997,19.038628200551482,19.038655016314003,19.038319953067035,1.000001408492368,0.8706951697861396,0.00042583099791423327,0.7323041966031605,0.001142096328131849,0.05084256436197021,0.00019455557762805835,0.09231540136305705,0.00019535211826485874,0.00182709715680531,8.047063166623288e-06
11,211733111,325619971,5870027,19.401420470468025,19.401429203464822,19.400640064214457,1.000000450121516,0.8723210407115979,0.00029718606304651187,0.7353841953109476,0.0007902615807925068,0.050195540500980296,0.0001349520425828247,0.09107296352474525,0.00013615437877641915,0.001771710369785657,5.627930472296496e-06
12,325619971,500465113,8817104,19.83021999060009,19.831492296808978,19.830722411965567,1.0000641599644124,0.8745660249068119,0.0002458935810653124,0.7399086999988302,0.0006657071906641629,0.04951992122476534,0.00010519712040680428,0.08971432676578583,0.00010605212191490286,0.0017106474663415585,4.467930252079636e-06
13,500465113,768813691,13243776,20.26224394009684,20.261015841679782,20.26026401822532,0.9999393898118742,0.8768932287950517,0.00020290800024178935,0.7445309534117125,0.0005462037392172215,0.04882486919299511,8.826359778319014e-05,0.08835288081832116,8.897439616843114e-05,0.0016527194619407842,3.5043495627291108e-06
14,768813691,1180371793,19892881,20.688711001689498,20.68999842667653,20.68926415965486,1.0000622283808271,0.8786423165682741,0.00016819660440331775,0.7479759762793212,0.00045643236656201506,0.04821720194783896,6.840496504299895e-05,0.08710787710156565,6.903717844556357e-05,0.001604637648069071,2.797717821400363e-06
15,1180371793,2038074743,40484215,21.18610777064592,21.186919683664666,21.185761992145142,1.0000383228966612,0.8810507255915453,0.00011470674693437851,0.7526640236828285,0.0003155903675369474,0.04742572881700935,4.946607998942954e-05,0.08559760795336768,4.986042550258276e-05,0.0015430412712651603,1.9367747668897988e-06
16,2038074743,2778410251,34277704,21.598165268012114,21.598197109488357,21.597828228748995,1.0000014742676449,0.8829209063024764,0.0001276456683255711,0.7563268217215104,0.00034740749705292875,0.04676105394382579,5.0243447048942413e-05,0.08435658535781676,5.069217509223243e-05,0.001495454476726048,2.1081895177154104e-06
17,2778410251,4259763509,67414809,21.973706993666628,21.973983913092916,21.97329706352824,1.0000126023081297,0.8847829159899234,9.125786283731337e-05,0.760256125134357,0.00025010715959912467,0.046209776663639346,3.57716849898228e-05,0.08329448694982833,3.60139190031788e-05,0.0014530505266159932,1.4557985806183616e-06
18,4259763509,6528037501,101260758,22.40032593870174,22.40106636326111,22.40039400152682,1.000033054186863,0.886379280986239,7.330550024289195e-05,0.7633905742870084,0.00020078728547473024,0.045664462856206955,3.0066043141242477e-05,0.08218493093137336,3.0402218435313245e-05,0.0014134188226179352,1.1935072381163574e-06
19,6528037501,9999999967,152099240,22.826955006481295,22.827722822773143,22.827064306781203,1.0000336363869657,0.888147979300148,6.095964619440319e-05,0.7669058435414006,0.0001680230458937411,0.04504532730173638,2.408202419593335e-05,0.08101793696860593,2.426829943023881e-05,0.0013713104640737377,9.629579834345068e-07
