log10X,logX,gstar,ratio,deficit
4,9.210340371976184,6.780541237548819,0.7361879109462245,2.4297991344273644
6,13.815510557964275,11.835513407751048,0.8566830272463719,1.9799971502132276
8,18.420680743952367,16.62449272999434,0.9024906821346586,1.7961880139580266
10,23.02585092994046,21.310977776362378,0.9255240052237012,1.7148731535780826
12,27.63102111592855,25.961820546768294,0.9395896169686611,1.6692005691602567
16,36.841361487904734,35.222261913530616,0.9560521243248385,1.6190995743741183
20,46.05170185988092,44.459691274722466,0.9654299293867058,1.5920105851584552
30,69.07755278982138,67.51882499405302,0.9774351039836193,1.5587277957683625
50,115.12925464970229,113.59515069904111,0.9866749423912374,1.5341039506611764
100,230.25850929940458,228.74185180055653,0.993413240173131,1.5166574988480477
