k,X,logX,g,R,R_log,R_pi
0,2750159,14.827169286153165,2,0.9567438915990697,0.961500276101336,0.9578788136304658
0,2750159,14.827169286153165,4,0.9571510196044554,0.9690021564594208,0.9671640938197135
0,2750159,14.827169286153165,6,0.9636026741038305,0.9762677547057635,0.9760519597974376
0,2750159,14.827169286153165,8,0.9724941865276847,0.983341070746551,0.9846268166581051
0,2750159,14.827169286153165,10,0.9737658802567478,0.9902452634179043,0.9929364379715793
0,2750159,14.827169286153165,12,0.9959973145680233,0.9969959230906807,1.0010120420779256
0,2750159,14.827169286153165,14,0.9960912863374765,1.0036048569165092,1.0088762618530938
0,2750159,14.827169286153165,16,1.0086573133998642,1.0100815865732398,1.016546676792708
0,2750159,14.827169286153165,18,1.01874398258447,1.0164340885029663,1.0240375736542844
0,2750159,14.827169286153165,20,1.029537775001136,1.0226692166959563,1.0313609261763
0,2750159,14.827169286153165,22,1.0187052072704124,1.0287929688797561,1.0385269929871943
0,2750159,14.827169286153165,24,1.0497172659808722,1.0348106660906249,1.0455447098590116
0,2750159,14.827169286153165,26,1.0536062036680043,1.040727080156493,1.0524219616148083
0,2750159,14.827169286153165,28,1.0551697545760474,1.0465465278089328,1.0591657787252868
0,2750159,14.827169286153165,30,1.0773563204395327,1.0522729423331756,1.0657824842096084
0,2750159,14.827169286153165,36,1.1350752657606653,1.0689286659683033,1.0849247521215102
9,160481183,18.893687253785824,2,0.9667126568246103,0.9708667527815368,0.9689378532142308
9,160481183,18.893687253785824,4,0.9666558374000995,0.9748679123468422,0.9735564113610811
9,160481183,18.893687253785824,6,0.9723096622378953,0.9788211307328839,0.9781066629971265
9,160481183,18.893687253785824,8,0.976860341563528,0.9827290530361896,0.9825935583257591
9,160481183,18.893687253785824,10,0.9784732266374726,0.9865935741939807,0.9870206096092637
9,160481183,18.893687253785824,12,0.9859573471331428,0.9904162652832296,0.9913906070217925
9,160481183,18.893687253785824,14,0.9900784708844307,0.9941985038369681,0.9957059117473784
9,160481183,18.893687253785824,16,0.9941283519795793,0.9979415306126187,0.9999685942382615
9,160481183,18.893687253785824,18,0.9994507435559208,1.0016464807287224,1.0041805092987945
9,160481183,18.893687253785824,20,1.0073107246726332,1.0053144033695363,1.008343342064942
9,160481183,18.893687253785824,22,1.0068219725872458,1.0089462754566572,1.0124586388649002
9,160481183,18.893687253785824,24,1.0134189393635258,1.012543011743895,1.0165278293546967
9,160481183,18.893687253785824,26,1.0194788643064316,1.0161054726071097,1.020552243174423
9,160481183,18.893687253785824,28,1.0212302552913064,1.0196344702537985,1.0245331229320487
9,160481183,18.893687253785824,30,1.0296976302585197,1.0231307737970197,1.028471634600453
9,160481183,18.893687253785824,32,1.0375589863926977,1.0265951134825664,1.0323688760208025
9,160481183,18.893687253785824,34,1.039968876023843,1.0300281842659649,1.0362258839767118
9,160481183,18.893687253785824,36,1.0434556287459784,1.0334306488782161,1.0400436401626676
9,160481183,18.893687253785824,38,1.050612728914097,1.03680314048152,1.0438230762793064
9,160481183,18.893687253785824,40,1.05313825971344,1.0401462649907107,1.0475650784271953
9,160481183,18.893687253785824,42,1.0589428277145894,1.0434606031183076,1.0512704909287212
9,160481183,18.893687253785824,44,1.067310041729622,1.046746712188306,1.0549401196777617
9,160481183,18.893687253785824,46,1.0692343344863073,1.0500051277544376,1.0585747350951316
9,160481183,18.893687253785824,48,1.07285135567392,1.053236365051593,1.0621750747516912
9,160481183,18.893687253785824,50,1.0787022744606403,1.0564409203037493,1.0657418457088497
9,160481183,18.893687253785824,52,1.0800917870857698,1.0596192719075912,1.069275726616936
9,160481183,18.893687253785824,54,1.0875038339422185,1.0627718815077543,1.0727773696046263
9,160481183,18.893687253785824,56,1.0982231894943197,1.065899194977034,1.0762474019869759
19,9999999967,23.025850926640455,2,0.9741211031175613,0.976583752465226,0.9753823930963988
19,9999999967,23.025850926640455,4,0.9740823655841372,0.9790756533026251,0.9781605235666047
19,9999999967,23.025850926640455,6,0.9771725390998851,0.9815514570619034,0.9809180823664774
19,9999999967,23.025850926640455,8,0.9803221370078051,0.9840114619980618,0.9836555423852695
19,9999999967,23.025850926640455,10,0.9811179738144395,0.986455938620028,0.9863733229691394
19,9999999967,23.025850926640455,12,0.985334658294152,0.9888851412195596,0.9890718104566393
19,9999999967,23.025850926640455,14,0.9875186917083455,0.991299311794294,0.9917513671614626
19,9999999967,23.025850926640455,16,0.9905479795780477,0.9936986820162389,0.9944123360639354
19,9999999967,23.025850926640455,18,0.9930080332426301,0.9960834744790322,0.9970550436883729
19,9999999967,23.025850926640455,20,0.9985642509232147,0.9984539035992959,0.9996798020957631
19,9999999967,23.025850926640455,22,0.9976022293808603,1.0008101763201493,1.0022869103826149
19,9999999967,23.025850926640455,24,1.002234389344162,1.003152492687247,1.0048766558714997
19,9999999967,23.025850926640455,26,1.005877648866918,1.005481046335626,1.0074493150920387
19,9999999967,23.025850926640455,28,1.0062120743583525,1.0077960249103461,1.0100051546102824
19,9999999967,23.025850926640455,30,1.0120382219411044,1.0100976104358377,1.012544431743271
19,9999999967,23.025850926640455,32,1.0164007477635166,1.0123859796441967,1.0150673951835685
19,9999999967,23.025850926640455,34,1.0168772010790705,1.0146613042697814,1.017574285551313
19,9999999967,23.025850926640455,36,1.0205032294822172,1.0169237513156322,1.0200653358866827
19,9999999967,23.025850926640455,38,1.0239759341130819,1.0191734832959227,1.0225407720925186
19,9999999967,23.025850926640455,40,1.025354004437706,1.0214106584577907,1.0250008133346773
19,9999999967,23.025850926640455,42,1.0302737521478549,1.0236354309852131,1.0274456724061274
19,9999999967,23.025850926640455,44,1.0331243619689028,1.025847951187131,1.0298755560596136
19,9999999967,23.025850926640455,46,1.03579857706088,1.0280483656716282,1.0322906653128612
19,9999999967,23.025850926640455,48,1.0383615072591357,1.0302368175077012,1.0346911957296
19,9999999967,23.025850926640455,50,1.0423879761098098,1.0324134463759065,1.0370773376791707
19,9999999967,23.025850926640455,52,1.0442154796898255,1.0345783887090056,1.0394492765770356
19,9999999967,23.025850926640455,54,1.0464660643102575,1.0367317778235527,1.0418071931081965
19,9999999967,23.025850926640455,56,1.0509440968838173,1.0388737440432751,1.0441512634352348
19,9999999967,23.025850926640455,58,1.0504830769753444,1.0410044148149624,1.0464816593924522
19,9999999967,23.025850926640455,60,1.056049822757853,1.0431239148175153,1.0487985486674196
19,9999999967,23.025850926640455,62,1.0614427389352317,1.0452323660647187,1.05110209497106
19,9999999967,23.025850926640455,64,1.0598308566639794,1.0473298880022495,1.0533924581972818
19,9999999967,23.025850926640455,66,1.064268511982346,1.0494165975993623,1.055669794573033
19,9999999967,23.025850926640455,68,1.0692615534234202,1.0514926094356722,1.05793425679958
