k,N,X,logX,g_min,c,estimator,g_max,n_points,C_fit,SE
0,200000,2750159,14.827169286153165,2,1,POIS,14,7,1.0197214093198366,0.010701483704863969
0,200000,2750159,14.827169286153165,2,1,WLS,14,7,1.021323025208243,0.08349973291775796
0,200000,2750159,14.827169286153165,2,1,OLS,14,7,1.0269054779505258,0.07908516855648881
0,200000,2750159,14.827169286153165,2,2,POIS,28,14,1.1404406365235789,0.004958886194033249
0,200000,2750159,14.827169286153165,2,2,WLS,28,14,1.1402050522319764,0.037560479701842474
0,200000,2750159,14.827169286153165,2,2,OLS,28,14,1.1629817296302833,0.03601988562335377
0,200000,2750159,14.827169286153165,2,3,POIS,44,22,1.2138340346485539,0.0034424337399407423
0,200000,2750159,14.827169286153165,2,3,WLS,44,22,1.2121949127223388,0.026845139286998863
0,200000,2750159,14.827169286153165,2,3,OLS,44,22,1.272793364108779,0.02356176383051773
0,200000,2750159,14.827169286153165,2,4,POIS,58,29,1.2356005057358834,0.003065373904802696
0,200000,2750159,14.827169286153165,2,4,WLS,58,29,1.2331062647913225,0.022639136906012415
0,200000,2750159,14.827169286153165,2,4,OLS,58,29,1.3040653946825842,0.01877447729560735
0,200000,2750159,14.827169286153165,2,5,POIS,74,37,1.2489504674344272,0.0028729802701863466
0,200000,2750159,14.827169286153165,2,5,WLS,74,37,1.24533596583483,0.019866554307977437
0,200000,2750159,14.827169286153165,2,5,OLS,74,37,1.3449044388226934,0.015283528584279482
0,200000,2750159,14.827169286153165,2,6,POIS,88,44,1.2516663167349666,0.00281024522175854
0,200000,2750159,14.827169286153165,2,6,WLS,88,44,1.2479483726383265,0.017927513556420784
0,200000,2750159,14.827169286153165,2,6,OLS,88,44,1.3486415597895087,0.013825336480561294
0,200000,2750159,14.827169286153165,4,1,POIS,14,6,1.1333380083215057,0.01351467592318001
0,200000,2750159,14.827169286153165,4,1,WLS,14,6,1.1325549963141692,0.06962404463912171
0,200000,2750159,14.827169286153165,4,1,OLS,14,6,1.1342195987304706,0.06950813447864551
0,200000,2750159,14.827169286153165,4,2,POIS,28,13,1.187686962019761,0.005606195336271529
0,200000,2750159,14.827169286153165,4,2,WLS,28,13,1.1857842319343042,0.03114931138669399
0,200000,2750159,14.827169286153165,4,2,OLS,28,13,1.1971924380548873,0.03517439609900438
0,200000,2750159,14.827169286153165,4,3,POIS,44,21,1.248289206901257,0.0037710377150268854
0,200000,2750159,14.827169286153165,4,3,WLS,44,21,1.2458233298430483,0.021924907667105267
0,200000,2750159,14.827169286153165,4,3,OLS,44,21,1.2936907444547376,0.022267000876960846
0,200000,2750159,14.827169286153165,4,4,POIS,58,28,1.2663588742308205,0.003330965862878958
0,200000,2750159,14.827169286153165,4,4,WLS,58,28,1.2633384402977919,0.018467213656803188
0,200000,2750159,14.827169286153165,4,4,OLS,58,28,1.3173912609920129,0.018395905483736822
0,200000,2750159,14.827169286153165,4,5,POIS,74,36,1.2778490523137414,0.0031106078484754484
0,200000,2750159,14.827169286153165,4,5,WLS,74,36,1.2740591839914455,0.016198315586129913
0,200000,2750159,14.827169286153165,4,5,OLS,74,36,1.354897319217289,0.014962122443151328
0,200000,2750159,14.827169286153165,4,6,POIS,88,43,1.2797300894039534,0.003039792961244975
0,200000,2750159,14.827169286153165,4,6,WLS,88,43,1.2759207321012775,0.014549546349172493
0,200000,2750159,14.827169286153165,4,6,OLS,88,43,1.355846687947031,0.01381285078533816
1,300411,4262509,15.26536851200863,2,1,POIS,14,7,1.0131122823039638,0.009075711136576133
1,300411,4262509,15.26536851200863,2,1,WLS,14,7,1.014586263291293,0.08209717781391633
1,300411,4262509,15.26536851200863,2,1,OLS,14,7,1.0174443769413286,0.07799836466314482
1,300411,4262509,15.26536851200863,2,2,POIS,30,15,1.1575114148184737,0.003718482609088679
1,300411,4262509,15.26536851200863,2,2,WLS,30,15,1.1567177699550844,0.034910599729553564
1,300411,4262509,15.26536851200863,2,2,OLS,30,15,1.1767640043331744,0.03434485591466447
1,300411,4262509,15.26536851200863,2,3,POIS,44,22,1.2064709704219831,0.0028539870133276087
1,300411,4262509,15.26536851200863,2,3,WLS,44,22,1.2049631189066439,0.026259368112811925
1,300411,4262509,15.26536851200863,2,3,OLS,44,22,1.262529437491775,0.023204205272710377
1,300411,4262509,15.26536851200863,2,4,POIS,60,30,1.2311442493157214,0.0024680130671578017
1,300411,4262509,15.26536851200863,2,4,WLS,60,30,1.2291395879208802,0.021204706435373644
1,300411,4262509,15.26536851200863,2,4,OLS,60,30,1.296364896407003,0.01594117534325605
1,300411,4262509,15.26536851200863,2,5,POIS,76,38,1.2401141436459167,0.002336313653154915
1,300411,4262509,15.26536851200863,2,5,WLS,76,38,1.2374394899510497,0.018483120377797122
1,300411,4262509,15.26536851200863,2,5,OLS,76,38,1.3245819484860444,0.013644303762319624
1,300411,4262509,15.26536851200863,2,6,POIS,90,45,1.2436341701398226,0.0022779795708717044
1,300411,4262509,15.26536851200863,2,6,WLS,90,45,1.2407303640543297,0.01674744972854438
1,300411,4262509,15.26536851200863,2,6,OLS,90,45,1.3351313263196776,0.010979150470579433
1,300411,4262509,15.26536851200863,4,1,POIS,14,6,1.1214214275299028,0.011447966955867835
1,300411,4262509,15.26536851200863,4,1,WLS,14,6,1.1206917229249687,0.07178041865230156
1,300411,4262509,15.26536851200863,4,1,OLS,14,6,1.1192538145943751,0.07250780682173143
1,300411,4262509,15.26536851200863,4,2,POIS,30,14,1.198938232358313,0.004153667248411621
1,300411,4262509,15.26536851200863,4,2,WLS,30,14,1.196902492121497,0.029505406496658546
1,300411,4262509,15.26536851200863,4,2,OLS,30,14,1.2085639783596556,0.033515959948209224
1,300411,4262509,15.26536851200863,4,3,POIS,44,21,1.2391361023201377,0.003120054256294086
1,300411,4262509,15.26536851200863,4,3,WLS,44,21,1.2368947488893565,0.021825304705016344
1,300411,4262509,15.26536851200863,4,3,OLS,44,21,1.2829770294619216,0.02197910986721558
1,300411,4262509,15.26536851200863,4,4,POIS,60,29,1.259343670201074,0.002671487882515613
1,300411,4262509,15.26536851200863,4,4,WLS,60,29,1.256955117301723,0.017397029234992534
1,300411,4262509,15.26536851200863,4,4,OLS,60,29,1.308797615429921,0.01525159860545819
1,300411,4262509,15.26536851200863,4,5,POIS,76,37,1.2666770423448472,0.0025211694357953965
1,300411,4262509,15.26536851200863,4,5,WLS,76,37,1.2638120564486912,0.015122258401343944
1,300411,4262509,15.26536851200863,4,5,OLS,76,37,1.3335497316433589,0.013325635047149079
1,300411,4262509,15.26536851200863,4,6,POIS,90,44,1.2693824064581967,0.00245555170875342
1,300411,4262509,15.26536851200863,4,6,WLS,90,44,1.2664085581891533,0.013644965328036152
1,300411,4262509,15.26536851200863,4,6,OLS,90,44,1.3419204880216127,0.010732865951589643
2,451234,6601211,15.702763675013852,2,1,POIS,14,7,0.9985683376335712,0.007689424639392587
2,451234,6601211,15.702763675013852,2,1,WLS,14,7,1.0001635479897137,0.08260047141365463
2,451234,6601211,15.702763675013852,2,1,OLS,14,7,1.0015863968455154,0.07863055801433012
2,451234,6601211,15.702763675013852,2,2,POIS,30,15,1.146944805384052,0.003109993188712046
2,451234,6601211,15.702763675013852,2,2,WLS,30,15,1.1463813833872794,0.034711419445235224
2,451234,6601211,15.702763675013852,2,2,OLS,30,15,1.1631810067310735,0.034015211177771655
2,451234,6601211,15.702763675013852,2,3,POIS,46,23,1.1995410737790684,0.0023200477329415026
2,451234,6601211,15.702763675013852,2,3,WLS,46,23,1.1984059353577625,0.024933769957785335
2,451234,6601211,15.702763675013852,2,3,OLS,46,23,1.2566543296666066,0.02091331931056294
2,451234,6601211,15.702763675013852,2,4,POIS,62,31,1.223216337640768,0.002010029379520619
2,451234,6601211,15.702763675013852,2,4,WLS,62,31,1.2215551082623048,0.020252423187152927
2,451234,6601211,15.702763675013852,2,4,OLS,62,31,1.2935689625820639,0.014937147264851743
2,451234,6601211,15.702763675013852,2,5,POIS,78,39,1.2316361906045121,0.0018928234548743384
2,451234,6601211,15.702763675013852,2,5,WLS,78,39,1.2296284241612438,0.017501150082116793
2,451234,6601211,15.702763675013852,2,5,OLS,78,39,1.3064478821778622,0.01161203338971074
2,451234,6601211,15.702763675013852,2,6,POIS,94,47,1.2360366359755346,0.0018486943187816332
2,451234,6601211,15.702763675013852,2,6,WLS,94,47,1.2334198536527263,0.015876512376000337
2,451234,6601211,15.702763675013852,2,6,OLS,94,47,1.343798724451092,0.01191976948662071
2,451234,6601211,15.702763675013852,4,1,POIS,14,6,1.1080311771697346,0.009684168752277213
2,451234,6601211,15.702763675013852,4,1,WLS,14,6,1.1073687709014473,0.07119323713786015
2,451234,6601211,15.702763675013852,4,1,OLS,14,6,1.1050142538775756,0.0723462615974494
2,451234,6601211,15.702763675013852,4,2,POIS,30,14,1.1882061237798505,0.0034684856880333845
2,451234,6601211,15.702763675013852,4,2,WLS,30,14,1.1863602537595714,0.0290897932044964
2,451234,6601211,15.702763675013852,4,2,OLS,30,14,1.195189194850585,0.03297527469491311
2,451234,6601211,15.702763675013852,4,3,POIS,46,22,1.2310825761584865,0.002528219954695487
2,451234,6601211,15.702763675013852,4,3,WLS,46,22,1.2292244786532012,0.02042902458000421
2,451234,6601211,15.702763675013852,4,3,OLS,46,22,1.2760347690488065,0.019354579231897883
2,451234,6601211,15.702763675013852,4,4,POIS,62,30,1.250452675124007,0.0021698300982523826
2,451234,6601211,15.702763675013852,4,4,WLS,62,30,1.2483981710313619,0.016417523400291973
2,451234,6601211,15.702763675013852,4,4,OLS,62,30,1.305962478949291,0.014017076079735718
2,451234,6601211,15.702763675013852,4,5,POIS,78,38,1.2570134199725673,0.0020365897686005457
2,451234,6601211,15.702763675013852,4,5,WLS,78,38,1.2547831421145603,0.014096036075030488
2,451234,6601211,15.702763675013852,4,5,OLS,78,38,1.314738815277653,0.011151787544240134
2,451234,6601211,15.702763675013852,4,6,POIS,94,46,1.2608024154864423,0.00198730184547433
2,451234,6601211,15.702763675013852,4,6,WLS,94,46,1.2581195556234266,0.012781005362981669
2,451234,6601211,15.702763675013852,4,6,OLS,94,46,1.3509496496996807,0.011679149750056019
3,677778,10213061,16.13917794932219,2,1,POIS,16,8,1.0148468925815197,0.005726686301122496
3,677778,10213061,16.13917794932219,2,1,WLS,16,8,1.0162230709990134,0.06808674724788902
3,677778,10213061,16.13917794932219,2,1,OLS,16,8,1.0284054614184894,0.061726265564412866
3,677778,10213061,16.13917794932219,2,2,POIS,32,16,1.1500271372334179,0.0025083017738090022
3,677778,10213061,16.13917794932219,2,2,WLS,32,16,1.1489004949018884,0.03369224584782172
3,677778,10213061,16.13917794932219,2,2,OLS,32,16,1.18831685216045,0.03571138337195676
3,677778,10213061,16.13917794932219,2,3,POIS,48,24,1.1962175790396514,0.0018575593701113974
3,677778,10213061,16.13917794932219,2,3,WLS,48,24,1.1952117559532456,0.023377252593435417
3,677778,10213061,16.13917794932219,2,3,OLS,48,24,1.2498805852432036,0.019104934410363532
3,677778,10213061,16.13917794932219,2,4,POIS,64,32,1.2149772540477695,0.0016372930592225192
3,677778,10213061,16.13917794932219,2,4,WLS,64,32,1.213577082024267,0.019088302115222583
3,677778,10213061,16.13917794932219,2,4,OLS,64,32,1.2780836602969883,0.014008692030752156
3,677778,10213061,16.13917794932219,2,5,POIS,80,40,1.224523864345495,0.0015392882037475746
3,677778,10213061,16.13917794932219,2,5,WLS,80,40,1.2227040056566103,0.01664854481427706
3,677778,10213061,16.13917794932219,2,5,OLS,80,40,1.301119438495162,0.010150518935643638
3,677778,10213061,16.13917794932219,2,6,POIS,96,48,1.228984706972904,0.001501080988908772
3,677778,10213061,16.13917794932219,2,6,WLS,96,48,1.226645335248751,0.015122205292175719
3,677778,10213061,16.13917794932219,2,6,OLS,96,48,1.3274147546008985,0.009179754448758237
3,677778,10213061,16.13917794932219,4,1,POIS,16,7,1.1053776850710626,0.007030392497878912
3,677778,10213061,16.13917794932219,4,1,WLS,16,7,1.105005782703228,0.05736365932367374
3,677778,10213061,16.13917794932219,4,1,OLS,16,7,1.1097024940307554,0.05378394595059032
3,677778,10213061,16.13917794932219,4,2,POIS,32,15,1.1889599475449786,0.0027851408290100422
3,677778,10213061,16.13917794932219,4,2,WLS,32,15,1.186739262230447,0.029043205066550382
3,677778,10213061,16.13917794932219,4,2,OLS,32,15,1.2200814830138653,0.03504121671065823
3,677778,10213061,16.13917794932219,4,3,POIS,48,23,1.2251354053678472,0.0020158796054621556
3,677778,10213061,16.13917794932219,4,3,WLS,48,23,1.2235385725912826,0.019335552309682695
3,677778,10213061,16.13917794932219,4,3,OLS,48,23,1.2675987275120684,0.017605272828172827
3,677778,10213061,16.13917794932219,4,4,POIS,64,31,1.2402719835894949,0.0017625943851771984
3,677778,10213061,16.13917794932219,4,4,WLS,64,31,1.238505689771388,0.015624547104982447
3,677778,10213061,16.13917794932219,4,4,OLS,64,31,1.289273995801749,0.013259445863766779
3,677778,10213061,16.13917794932219,4,5,POIS,80,39,1.248176143378658,0.0016516177888808911
3,677778,10213061,16.13917794932219,4,5,WLS,80,39,1.2461942553891356,0.013545782937181854
3,677778,10213061,16.13917794932219,4,5,OLS,80,39,1.309204377010063,0.009488280016317402
3,677778,10213061,16.13917794932219,4,6,POIS,96,47,1.252027165294884,0.001609026036742037
3,677778,10213061,16.13917794932219,4,6,WLS,96,47,1.2496730237593214,0.012290449803695666
3,677778,10213061,16.13917794932219,4,6,OLS,96,47,1.333987447865486,0.00872228543994334
4,1000000,15485863,16.555438101189427,2,1,POIS,16,8,1.0074955790756586,0.004875954602545743
4,1000000,15485863,16.555438101189427,2,1,WLS,16,8,1.008985153012916,0.0676055332889359
4,1000000,15485863,16.555438101189427,2,1,OLS,16,8,1.0216633694538217,0.06163930297849052
4,1000000,15485863,16.555438101189427,2,2,POIS,32,16,1.1418240589707782,0.0021128954956166307
4,1000000,15485863,16.555438101189427,2,2,WLS,32,16,1.1408117109884799,0.033251200585381085
4,1000000,15485863,16.555438101189427,2,2,OLS,32,16,1.1774516700039772,0.035098263882366094
4,1000000,15485863,16.555438101189427,2,3,POIS,48,24,1.1877838773396294,0.0015496219077326691
4,1000000,15485863,16.555438101189427,2,3,WLS,48,24,1.1869478067989976,0.022835714784559157
4,1000000,15485863,16.555438101189427,2,3,OLS,48,24,1.2379908851619388,0.01885492424749068
4,1000000,15485863,16.555438101189427,2,4,POIS,66,33,1.2086485004332423,0.0013337252351674864
4,1000000,15485863,16.555438101189427,2,4,WLS,66,33,1.207481150698708,0.01804611040984971
4,1000000,15485863,16.555438101189427,2,4,OLS,66,33,1.2675620905961125,0.013060282313310946
4,1000000,15485863,16.555438101189427,2,5,POIS,82,41,1.2179956983013245,0.0012645827290262116
4,1000000,15485863,16.555438101189427,2,5,WLS,82,41,1.216140643133994,0.016030087358104503
4,1000000,15485863,16.555438101189427,2,5,OLS,82,41,1.2996227237022355,0.01051669458136415
4,1000000,15485863,16.555438101189427,2,6,POIS,98,49,1.2226843100395604,0.001231671588738341
4,1000000,15485863,16.555438101189427,2,6,WLS,98,49,1.2202951284222319,0.014606427583922757
4,1000000,15485863,16.555438101189427,2,6,OLS,98,49,1.3241776105779808,0.00906437325161193
4,1000000,15485863,16.555438101189427,4,1,POIS,16,7,1.0985779495343106,0.005979166804773339
4,1000000,15485863,16.555438101189427,4,1,WLS,16,7,1.098318372283273,0.05548955336807486
4,1000000,15485863,16.555438101189427,4,1,OLS,16,7,1.1047618647781414,0.051920233569527914
4,1000000,15485863,16.555438101189427,4,2,POIS,32,15,1.1802593140509614,0.0023431363600717424
4,1000000,15485863,16.555438101189427,4,2,WLS,32,15,1.1781510905641164,0.028520072767617345
4,1000000,15485863,16.555438101189427,4,2,OLS,32,15,1.20918588286131,0.03423383765722192
4,1000000,15485863,16.555438101189427,4,3,POIS,48,23,1.2159528684640988,0.001679058113086934
4,1000000,15485863,16.555438101189427,4,3,WLS,48,23,1.2144988458439052,0.01880252659030131
4,1000000,15485863,16.555438101189427,4,3,OLS,48,23,1.255604361588399,0.01732382927754303
4,1000000,15485863,16.555438101189427,4,4,POIS,66,32,1.232582263853086,0.0014317093541619127
4,1000000,15485863,16.555438101189427,4,4,WLS,66,32,1.2310416672962066,0.014665547927809448
4,1000000,15485863,16.555438101189427,4,4,OLS,66,32,1.2781015849826491,0.012302433062490258
4,1000000,15485863,16.555438101189427,4,5,POIS,82,40,1.2407017144945738,0.0013538071770298828
4,1000000,15485863,16.555438101189427,4,5,WLS,82,40,1.2386726299892918,0.013026062865266603
4,1000000,15485863,16.555438101189427,4,5,OLS,82,40,1.3077708367769365,0.009888525877380048
4,1000000,15485863,16.555438101189427,4,6,POIS,98,48,1.2447851150428133,0.0013172093488986274
4,1000000,15485863,16.555438101189427,4,6,WLS,98,48,1.242368670312416,0.01186522275775337
4,1000000,15485863,16.555438101189427,4,6,OLS,98,48,1.3307612927477164,0.008579207178107874
5,1529183,24373961,17.00902594829866,2,1,POIS,16,8,1.0002401023573209,0.004086905886947301
5,1529183,24373961,17.00902594829866,2,1,WLS,16,8,1.0017276341673274,0.06679836554070967
5,1529183,24373961,17.00902594829866,2,1,OLS,16,8,1.0120647464954409,0.06070418618209318
5,1529183,24373961,17.00902594829866,2,2,POIS,34,17,1.1379255842783422,0.001682090649699983
5,1529183,24373961,17.00902594829866,2,2,WLS,34,17,1.1372170806837483,0.030526966094097118
5,1529183,24373961,17.00902594829866,2,2,OLS,34,17,1.1724100520357825,0.030630909953904908
5,1529183,24373961,17.00902594829866,2,3,POIS,50,25,1.184130028608448,0.0012449022640003053
5,1529183,24373961,17.00902594829866,2,3,WLS,50,25,1.1833139811313789,0.021727159450316207
5,1529183,24373961,17.00902594829866,2,3,OLS,50,25,1.2363050273752163,0.017739392725402304
5,1529183,24373961,17.00902594829866,2,4,POIS,68,34,1.2027034254512479,0.0010778196335244005
5,1529183,24373961,17.00902594829866,2,4,WLS,68,34,1.2016764954418793,0.017204139348913083
5,1529183,24373961,17.00902594829866,2,4,OLS,68,34,1.262167931198659,0.012156995267668115
5,1529183,24373961,17.00902594829866,2,5,POIS,84,42,1.2119840208335435,0.001016472692696628
5,1529183,24373961,17.00902594829866,2,5,WLS,84,42,1.210424191223058,0.015225211951097084
5,1529183,24373961,17.00902594829866,2,5,OLS,84,42,1.285553089354766,0.009395477280439357
5,1529183,24373961,17.00902594829866,2,6,POIS,102,51,1.2166181902322561,0.000989888990710402
5,1529183,24373961,17.00902594829866,2,6,WLS,102,51,1.2144910361278403,0.01377525889225541
5,1529183,24373961,17.00902594829866,2,6,OLS,102,51,1.3099042865935584,0.008709343394772504
5,1529183,24373961,17.00902594829866,4,1,POIS,16,7,1.090104727675359,0.005006060318302451
5,1529183,24373961,17.00902594829866,4,1,WLS,16,7,1.089885781321882,0.05468798732810366
5,1529183,24373961,17.00902594829866,4,1,OLS,16,7,1.0940610453747848,0.05098000566994739
5,1529183,24373961,17.00902594829866,4,2,POIS,34,16,1.1737078387646795,0.0018568885666499252
5,1529183,24373961,17.00902594829866,4,2,WLS,34,16,1.172000680192947,0.02591285126774636
5,1529183,24373961,17.00902594829866,4,2,OLS,34,16,1.2005862918071157,0.02942926711014778
5,1529183,24373961,17.00902594829866,4,3,POIS,50,24,1.210884284533147,0.0013449198539613005
5,1529183,24373961,17.00902594829866,4,3,WLS,50,24,1.2095136679030212,0.017879661343354787
5,1529183,24373961,17.00902594829866,4,3,OLS,50,24,1.2530598370632122,0.016165197087087243
5,1529183,24373961,17.00902594829866,4,4,POIS,68,33,1.2254931538443012,0.0011543292675110712
5,1529183,24373961,17.00902594829866,4,4,WLS,68,33,1.224118379411458,0.013962619093418114
5,1529183,24373961,17.00902594829866,4,4,OLS,68,33,1.272325457450574,0.011315171649213607
5,1529183,24373961,17.00902594829866,4,5,POIS,84,41,1.2334203281218459,0.0010854321238855174
5,1529183,24373961,17.00902594829866,4,5,WLS,84,41,1.2316950232705417,0.01233709247782686
5,1529183,24373961,17.00902594829866,4,5,OLS,84,41,1.293115581185473,0.008735549231294137
5,1529183,24373961,17.00902594829866,4,6,POIS,102,50,1.2374825597333738,0.001055984612797862
5,1529183,24373961,17.00902594829866,4,6,WLS,102,50,1.2353268316728157,0.01116723328073191
5,1529183,24373961,17.00902594829866,4,6,OLS,102,50,1.3158529967106045,0.008330367564949795
6,2296917,37614323,17.44289546667545,2,1,POIS,16,8,0.9938191880399935,0.0034489415737051056
6,2296917,37614323,17.44289546667545,2,1,WLS,16,8,0.9952755399439743,0.06615700423738682
6,2296917,37614323,17.44289546667545,2,1,OLS,16,8,1.004840476998137,0.06029319737439291
6,2296917,37614323,17.44289546667545,2,2,POIS,34,17,1.1300245000934737,0.0014043448256922206
6,2296917,37614323,17.44289546667545,2,2,WLS,34,17,1.1293552523904613,0.030128828041006847
6,2296917,37614323,17.44289546667545,2,2,OLS,34,17,1.162627197045287,0.03028648187012667
6,2296917,37614323,17.44289546667545,2,3,POIS,52,26,1.1786534653947673,0.0010120283346861647
6,2296917,37614323,17.44289546667545,2,3,WLS,52,26,1.1780027583201111,0.02059394760454705
6,2296917,37614323,17.44289546667545,2,3,OLS,52,26,1.2293646544354093,0.0162022025071292
6,2296917,37614323,17.44289546667545,2,4,POIS,68,34,1.1955155358319478,0.0008849776408649609
6,2296917,37614323,17.44289546667545,2,4,WLS,68,34,1.1946309296692028,0.016756470537636122
6,2296917,37614323,17.44289546667545,2,4,OLS,68,34,1.2524143428038375,0.012000686297820569
6,2296917,37614323,17.44289546667545,2,5,POIS,86,43,1.2057667943606367,0.0008278546447675223
6,2296917,37614323,17.44289546667545,2,5,WLS,86,43,1.2043129145781275,0.014619097059186823
6,2296917,37614323,17.44289546667545,2,5,OLS,86,43,1.2803744780582955,0.009448369477805795
6,2296917,37614323,17.44289546667545,2,6,POIS,104,52,1.2104257129656832,0.00080518088373761
6,2296917,37614323,17.44289546667545,2,6,WLS,104,52,1.2084678899161327,0.013242144689291297
6,2296917,37614323,17.44289546667545,2,6,OLS,104,52,1.2981385457318768,0.008002651085449671
6,2296917,37614323,17.44289546667545,4,1,POIS,16,7,1.0826853731032944,0.004220469114876612
6,2296917,37614323,17.44289546667545,4,1,WLS,16,7,1.0824981164844822,0.05405460945972933
6,2296917,37614323,17.44289546667545,4,1,OLS,16,7,1.0861548957127378,0.050756916324716406
6,2296917,37614323,17.44289546667545,4,2,POIS,34,16,1.1649354359176198,0.0015485129707813344
6,2296917,37614323,17.44289546667545,4,2,WLS,34,16,1.1633084684234232,0.025690162463908466
6,2296917,37614323,17.44289546667545,4,2,OLS,34,16,1.1905039626129315,0.029091227644589265
6,2296917,37614323,17.44289546667545,4,3,POIS,52,25,1.2040419516103977,0.0010905842175656822
6,2296917,37614323,17.44289546667545,4,3,WLS,52,25,1.2028727928786818,0.016933636419423363
6,2296917,37614323,17.44289546667545,4,3,OLS,52,25,1.2448960654104566,0.014620986022675767
6,2296917,37614323,17.44289546667545,4,4,POIS,68,33,1.2173951330617032,0.0009461645717585228
6,2296917,37614323,17.44289546667545,4,4,WLS,68,33,1.2161649228792808,0.013631039929516505
6,2296917,37614323,17.44289546667545,4,4,OLS,68,33,1.2625161528301345,0.011144264022793426
6,2296917,37614323,17.44289546667545,4,5,POIS,86,42,1.226175772063619,0.0008821543378365309
6,2296917,37614323,17.44289546667545,4,5,WLS,86,42,1.2245604772312286,0.011876779578315528
6,2296917,37614323,17.44289546667545,4,5,OLS,86,42,1.2877786240786402,0.00883728930884189
6,2296917,37614323,17.44289546667545,4,6,POIS,104,51,1.2302586117694667,0.0008570805350905976
6,2296917,37614323,17.44289546667545,4,6,WLS,104,51,1.2282686273246517,0.010760056849029724
6,2296917,37614323,17.44289546667545,4,6,OLS,104,51,1.3037730341102107,0.007604210316374147
7,3450095,57995527,17.875876444847083,2,1,POIS,16,8,0.9878459575070851,0.002908124953263313
7,3450095,57995527,17.875876444847083,2,1,WLS,16,8,0.9893789828401713,0.06515420255197196
7,3450095,57995527,17.875876444847083,2,1,OLS,16,8,0.9973032988496745,0.05931897878592576
7,3450095,57995527,17.875876444847083,2,2,POIS,34,17,1.1230338631898074,0.0011724362344638375
7,3450095,57995527,17.875876444847083,2,2,WLS,34,17,1.1223942717172362,0.02973843770734157
7,3450095,57995527,17.875876444847083,2,2,OLS,34,17,1.154067778226163,0.03014406645852913
7,3450095,57995527,17.875876444847083,2,3,POIS,52,26,1.171958843901626,0.0008372186107879836
7,3450095,57995527,17.875876444847083,2,3,WLS,52,26,1.1714173733524353,0.020169041482655154
7,3450095,57995527,17.875876444847083,2,3,OLS,52,26,1.219762501108176,0.015930106054598117
7,3450095,57995527,17.875876444847083,2,4,POIS,70,35,1.1904897177730347,0.0007185929503414105
7,3450095,57995527,17.875876444847083,2,4,WLS,70,35,1.18973053833706,0.015985437324096706
7,3450095,57995527,17.875876444847083,2,4,OLS,70,35,1.244772327840461,0.011128850082328374
7,3450095,57995527,17.875876444847083,2,5,POIS,88,44,1.2003257459367827,0.0006744389218499081
7,3450095,57995527,17.875876444847083,2,5,WLS,88,44,1.1990224613086733,0.014039176862779829
7,3450095,57995527,17.875876444847083,2,5,OLS,88,44,1.2707455596632242,0.008540006125231649
7,3450095,57995527,17.875876444847083,2,6,POIS,106,53,1.2050176150869985,0.0006554395754822982
7,3450095,57995527,17.875876444847083,2,6,WLS,106,53,1.203253918145747,0.012740322884037956
7,3450095,57995527,17.875876444847083,2,6,OLS,106,53,1.2894629364500152,0.006965691539743471
7,3450095,57995527,17.875876444847083,4,1,POIS,16,7,1.076863096618492,0.0035553252977597377
7,3450095,57995527,17.875876444847083,4,1,WLS,16,7,1.0767128093541376,0.051469597607490016
7,3450095,57995527,17.875876444847083,4,1,OLS,16,7,1.0790070023742395,0.04825388210073054
7,3450095,57995527,17.875876444847083,4,2,POIS,34,16,1.1574371449052685,0.0012914560529021682
7,3450095,57995527,17.875876444847083,4,2,WLS,34,16,1.1558400856332192,0.025289035119110848
7,3450095,57995527,17.875876444847083,4,2,OLS,34,16,1.1819304853940673,0.02890623099346457
7,3450095,57995527,17.875876444847083,4,3,POIS,52,25,1.1967337139385823,0.0009010494639967033
7,3450095,57995527,17.875876444847083,4,3,WLS,52,25,1.1956649405735345,0.01653292058148356
7,3450095,57995527,17.875876444847083,4,3,OLS,52,25,1.2352006713294121,0.014305228038806092
7,3450095,57995527,17.875876444847083,4,4,POIS,70,34,1.2113833062445363,0.0007666056008312297
7,3450095,57995527,17.875876444847083,4,4,WLS,70,34,1.2102797781145878,0.012951202355251384
7,3450095,57995527,17.875876444847083,4,4,OLS,70,34,1.2543376507602562,0.010248021331668057
7,3450095,57995527,17.875876444847083,4,5,POIS,88,43,1.2199043948440373,0.000717293364204817
7,3450095,57995527,17.875876444847083,4,5,WLS,88,43,1.2184274756654048,0.011376225320201105
7,3450095,57995527,17.875876444847083,4,5,OLS,88,43,1.2777639191874197,0.007875658937498227
7,3450095,57995527,17.875876444847083,4,6,POIS,106,52,1.2240272868825535,0.000696323849274936
7,3450095,57995527,17.875876444847083,4,6,WLS,106,52,1.2222142224176067,0.010327226588609824
7,3450095,57995527,17.875876444847083,4,6,OLS,106,52,1.294900599360171,0.006462041725660986
8,5182233,89359883,18.30818240341371,2,1,POIS,18,9,1.007708618667694,0.001967556492965491
8,5182233,89359883,18.30818240341371,2,1,WLS,18,9,1.009264974109735,0.04976084776696221
8,5182233,89359883,18.30818240341371,2,1,OLS,18,9,1.0102771983688013,0.047027389070641766
8,5182233,89359883,18.30818240341371,2,2,POIS,36,18,1.127120094319831,0.0009108967610007701
8,5182233,89359883,18.30818240341371,2,2,WLS,36,18,1.126733041933864,0.027133050559240687
8,5182233,89359883,18.30818240341371,2,2,OLS,36,18,1.154991979727368,0.026924809474013236
8,5182233,89359883,18.30818240341371,2,3,POIS,54,27,1.1691518220823076,0.0006711177048395935
8,5182233,89359883,18.30818240341371,2,3,WLS,54,27,1.168783912888544,0.01884947180802736
8,5182233,89359883,18.30818240341371,2,3,OLS,54,27,1.2123239970178845,0.014580027150325069
8,5182233,89359883,18.30818240341371,2,4,POIS,72,36,1.187305299248646,0.0005824066002695374
8,5182233,89359883,18.30818240341371,2,4,WLS,72,36,1.186480922023029,0.015332267197663622
8,5182233,89359883,18.30818240341371,2,4,OLS,72,36,1.242088657685414,0.011008079231974496
8,5182233,89359883,18.30818240341371,2,5,POIS,90,45,1.1957834775605716,0.0005468478790087275
8,5182233,89359883,18.30818240341371,2,5,WLS,90,45,1.1946295324008267,0.013373068532233459
8,5182233,89359883,18.30818240341371,2,5,OLS,90,45,1.2617391783975807,0.007940421538423042
8,5182233,89359883,18.30818240341371,2,6,POIS,108,54,1.1997091024963302,0.0005328114398238603
8,5182233,89359883,18.30818240341371,2,6,WLS,108,54,1.1982279638304962,0.012132839887938188
8,5182233,89359883,18.30818240341371,2,6,OLS,108,54,1.2765962981420236,0.006155869283682454
8,5182233,89359883,18.30818240341371,4,1,POIS,18,8,1.0746535965559374,0.0023243269912887844
8,5182233,89359883,18.30818240341371,4,1,WLS,18,8,1.0747883417489674,0.036157141357779095
8,5182233,89359883,18.30818240341371,4,1,OLS,18,8,1.0761184926214942,0.035743297270142686
8,5182233,89359883,18.30818240341371,4,2,POIS,36,17,1.1584978213995505,0.0009970622903737033
8,5182233,89359883,18.30818240341371,4,2,WLS,36,17,1.1572582075942552,0.022769877093422885
8,5182233,89359883,18.30818240341371,4,2,OLS,36,17,1.1803423429837803,0.025434756792698784
8,5182233,89359883,18.30818240341371,4,3,POIS,54,26,1.1922987950513697,0.0007200455868357297
8,5182233,89359883,18.30818240341371,4,3,WLS,54,26,1.191423695047329,0.01536140358868619
8,5182233,89359883,18.30818240341371,4,3,OLS,54,26,1.2265104322499312,0.01302846544565913
8,5182233,89359883,18.30818240341371,4,4,POIS,72,35,1.2071813488167307,0.0006199825993477756
8,5182233,89359883,18.30818240341371,4,4,WLS,72,35,1.206036419493238,0.012446374852645565
8,5182233,89359883,18.30818240341371,4,4,OLS,72,35,1.2513628717096925,0.010184325466956976
8,5182233,89359883,18.30818240341371,4,5,POIS,90,44,1.2143266956495513,0.000580393997218394
8,5182233,89359883,18.30818240341371,4,5,WLS,90,44,1.2129981508344652,0.010818422197950947
8,5182233,89359883,18.30818240341371,4,5,OLS,90,44,1.2683874962992108,0.007274512244768782
8,5182233,89359883,18.30818240341371,4,6,POIS,108,53,1.2177409485164243,0.0005649406588987639
8,5182233,89359883,18.30818240341371,4,6,WLS,108,53,1.2161855765616412,0.009809683662200653
8,5182233,89359883,18.30818240341371,4,6,OLS,108,53,1.2816684679455055,0.005623044343777651
9,9000000,160481183,18.893687253785824,2,1,POIS,18,9,0.9999058874816694,0.0015550635721568273
9,9000000,160481183,18.893687253785824,2,1,WLS,18,9,1.0013898928418357,0.049079088696140985
9,9000000,160481183,18.893687253785824,2,1,OLS,18,9,1.001860567163904,0.04668329174981585
9,9000000,160481183,18.893687253785824,2,2,POIS,36,18,1.1192955646451916,0.0007116756657277097
9,9000000,160481183,18.893687253785824,2,2,WLS,36,18,1.1189471329966538,0.0267733817902162
9,9000000,160481183,18.893687253785824,2,2,OLS,36,18,1.144942376396683,0.02665695153027342
9,9000000,160481183,18.893687253785824,2,3,POIS,56,28,1.1635970351293237,0.0005092908926896683
9,9000000,160481183,18.893687253785824,2,3,WLS,56,28,1.1632932384112722,0.017910655468443837
9,9000000,160481183,18.893687253785824,2,3,OLS,56,28,1.2059143365498348,0.01368052739034887
9,9000000,160481183,18.893687253785824,2,4,POIS,74,37,1.1800836483925805,0.0004426326787943279
9,9000000,160481183,18.893687253785824,2,4,WLS,74,37,1.179422743535909,0.014556609969109863
9,9000000,160481183,18.893687253785824,2,4,OLS,74,37,1.2305749452587613,0.010203779387608313
9,9000000,160481183,18.893687253785824,2,5,POIS,94,47,1.1893278560498874,0.00041346087804679807
9,9000000,160481183,18.893687253785824,2,5,WLS,94,47,1.1882754684431949,0.012612802501421652
9,9000000,160481183,18.893687253785824,2,5,OLS,94,47,1.2554178251372263,0.007483518507261067
9,9000000,160481183,18.893687253785824,2,6,POIS,112,56,1.1930915431248919,0.00040243814619387924
9,9000000,160481183,18.893687253785824,2,6,WLS,112,56,1.1917662572384582,0.011463667117170962
9,9000000,160481183,18.893687253785824,2,6,OLS,112,56,1.2662161050782994,0.005697226718748509
9,9000000,160481183,18.893687253785824,4,1,POIS,18,8,1.065218048620508,0.0018350574824323722
9,9000000,160481183,18.893687253785824,4,1,WLS,18,8,1.0653578476596322,0.03620033002864572
9,9000000,160481183,18.893687253785824,4,1,OLS,18,8,1.0666701318882523,0.036037862080782065
9,9000000,160481183,18.893687253785824,4,2,POIS,36,17,1.1496901221902853,0.0007780514535908753
9,9000000,160481183,18.893687253785824,4,2,WLS,36,17,1.1485379362371877,0.022674959641702186
9,9000000,160481183,18.893687253785824,4,2,OLS,36,17,1.1699199660847894,0.02523229189953966
9,9000000,160481183,18.893687253785824,4,3,POIS,56,27,1.1853607455419577,0.0005450259006428526
9,9000000,160481183,18.893687253785824,4,3,WLS,56,27,1.1845909918389403,0.01468577815828729
9,9000000,160481183,18.893687253785824,4,3,OLS,56,27,1.219196677496794,0.012201883642611148
9,9000000,160481183,18.893687253785824,4,4,POIS,74,36,1.1987391807402392,0.00047012993050690776
9,9000000,160481183,18.893687253785824,4,4,WLS,74,36,1.197765896200832,0.011877259515965568
9,9000000,160481183,18.893687253785824,4,4,OLS,74,36,1.239212870468425,0.00941110545428944
9,9000000,160481183,18.893687253785824,4,5,POIS,94,46,1.206667874009119,0.0004377625177438073
9,9000000,160481183,18.893687253785824,4,5,WLS,94,46,1.2054515751663164,0.010267125530200302
9,9000000,160481183,18.893687253785824,4,5,OLS,94,46,1.2616438134100378,0.0068555542915587015
9,9000000,160481183,18.893687253785824,4,6,POIS,112,55,1.2099214000194798,0.0004256592057562726
9,9000000,160481183,18.893687253785824,4,6,WLS,112,55,1.2085213726821074,0.009322162334244344
9,9000000,160481183,18.893687253785824,4,6,OLS,112,55,1.2709171900530618,0.00519474437124373
10,11691997,211733111,19.170837129165566,2,1,POIS,18,9,0.9964916346270153,0.0013904332180804616
10,11691997,211733111,19.170837129165566,2,1,WLS,18,9,0.9979775802111541,0.048926337587058624
10,11691997,211733111,19.170837129165566,2,1,OLS,18,9,0.9982340733331898,0.04665849266877901
10,11691997,211733111,19.170837129165566,2,2,POIS,38,19,1.120863955269679,0.0006108891188250387
10,11691997,211733111,19.170837129165566,2,2,WLS,38,19,1.120574725037568,0.025366187874523036
10,11691997,211733111,19.170837129165566,2,2,OLS,38,19,1.149994811848518,0.024400044375513113
10,11691997,211733111,19.170837129165566,2,3,POIS,56,28,1.1602366755507934,0.0004506339248072334
10,11691997,211733111,19.170837129165566,2,3,WLS,56,28,1.1599752497206024,0.017729777910632502
10,11691997,211733111,19.170837129165566,2,3,OLS,56,28,1.2014057300941956,0.013625513027698204
10,11691997,211733111,19.170837129165566,2,4,POIS,76,38,1.1777092776971454,0.00038729368954649416
10,11691997,211733111,19.170837129165566,2,4,WLS,76,38,1.1770879527671,0.014122137831015387
10,11691997,211733111,19.170837129165566,2,4,OLS,76,38,1.2289371110920049,0.009772965415619103
10,11691997,211733111,19.170837129165566,2,5,POIS,94,47,1.186073957317251,0.00036325029400130737
10,11691997,211733111,19.170837129165566,2,5,WLS,94,47,1.1851182629171286,0.012400970219758866
10,11691997,211733111,19.170837129165566,2,5,OLS,94,47,1.2498876666413257,0.007405632387791386
10,11691997,211733111,19.170837129165566,2,6,POIS,114,57,1.190272353664294,0.0003519662429119936
10,11691997,211733111,19.170837129165566,2,6,WLS,114,57,1.1890403835610515,0.011143925678591321
10,11691997,211733111,19.170837129165566,2,6,OLS,114,57,1.2605584311540687,0.0054332996442568934
10,11691997,211733111,19.170837129165566,4,1,POIS,18,8,1.0616506237407048,0.0016399774544511192
10,11691997,211733111,19.170837129165566,4,1,WLS,18,8,1.061795670893678,0.03592121518331991
10,11691997,211733111,19.170837129165566,4,1,OLS,18,8,1.0631772961190544,0.035850171459011385
10,11691997,211733111,19.170837129165566,4,2,POIS,38,18,1.1499927983541096,0.0006658524258370307
10,11691997,211733111,19.170837129165566,4,2,WLS,38,18,1.1489479014741462,0.021365775333910594
10,11691997,211733111,19.170837129165566,4,2,OLS,38,18,1.1732172756524513,0.02279257619869566
10,11691997,211733111,19.170837129165566,4,3,POIS,56,27,1.1816875313715574,0.00048193416199542174
10,11691997,211733111,19.170837129165566,4,3,WLS,56,27,1.1809600903523831,0.014537020413237551
10,11691997,211733111,19.170837129165566,4,3,OLS,56,27,1.2146666076263033,0.012139343938114517
10,11691997,211733111,19.170837129165566,4,4,POIS,76,37,1.195864992737387,0.000410878865430712
10,11691997,211733111,19.170837129165566,4,4,WLS,76,37,1.1949377004609953,0.011515690641580922
10,11691997,211733111,19.170837129165566,4,4,OLS,76,37,1.2372570143014754,0.008984197245618318
10,11691997,211733111,19.170837129165566,4,5,POIS,94,46,1.203007801638903,0.00038424079798754545
10,11691997,211733111,19.170837129165566,4,5,WLS,94,46,1.201875643614029,0.01008951162553058
10,11691997,211733111,19.170837129165566,4,5,OLS,94,46,1.2560753799759727,0.00677542019837602
10,11691997,211733111,19.170837129165566,4,6,POIS,114,56,1.206615496980907,0.0003718631653782765
10,11691997,211733111,19.170837129165566,4,6,WLS,114,56,1.2053028121514722,0.00905393332585427
10,11691997,211733111,19.170837129165566,4,6,OLS,114,56,1.2650665172120183,0.004942811790177183
11,17562024,325619971,19.60124152620677,2,1,POIS,18,9,0.9918274104159059,0.0011679372965470454
11,17562024,325619971,19.60124152620677,2,1,WLS,18,9,0.9932551275726855,0.0484126123612402
11,17562024,325619971,19.60124152620677,2,1,OLS,18,9,0.9929869952764219,0.04632156379271597
11,17562024,325619971,19.60124152620677,2,2,POIS,38,19,1.1155586140902414,0.0005088810522846649
11,17562024,325619971,19.60124152620677,2,2,WLS,38,19,1.1153093765368578,0.024997007159990047
11,17562024,325619971,19.60124152620677,2,2,OLS,38,19,1.1431342539923712,0.02415270569881292
11,17562024,325619971,19.60124152620677,2,3,POIS,58,29,1.1547069452757237,0.0003665228347557609
11,17562024,325619971,19.60124152620677,2,3,WLS,58,29,1.1545464705317843,0.01672462771186817
11,17562024,325619971,19.60124152620677,2,3,OLS,58,29,1.1888043365106877,0.012814065449940659
11,17562024,325619971,19.60124152620677,2,4,POIS,78,39,1.173902826307766,0.00031352071943700603
11,17562024,325619971,19.60124152620677,2,4,WLS,78,39,1.173349453363445,0.013475725928560705
11,17562024,325619971,19.60124152620677,2,4,OLS,78,39,1.2222314436780661,0.00922330466993246
11,17562024,325619971,19.60124152620677,2,5,POIS,98,49,1.1823456474876877,0.0002942309476834232
11,17562024,325619971,19.60124152620677,2,5,WLS,98,49,1.1814201736715868,0.01178403563736685
11,17562024,325619971,19.60124152620677,2,5,OLS,98,49,1.244618671427279,0.006832774522166689
11,17562024,325619971,19.60124152620677,2,6,POIS,116,58,1.185745906353464,0.00028664320681794417
11,17562024,325619971,19.60124152620677,2,6,WLS,116,58,1.1845923468003718,0.010740024256433741
11,17562024,325619971,19.60124152620677,2,6,OLS,116,58,1.254730314719874,0.005287716745713766
11,17562024,325619971,19.60124152620677,4,1,POIS,18,8,1.0559357390449198,0.0013765938729821785
11,17562024,325619971,19.60124152620677,4,1,WLS,18,8,1.0560829308840087,0.03578646645165598
11,17562024,325619971,19.60124152620677,4,1,OLS,18,8,1.057286515323957,0.035766476686853024
11,17562024,325619971,19.60124152620677,4,2,POIS,38,18,1.1440046095667302,0.0005542235374374116
11,17562024,325619971,19.60124152620677,4,2,WLS,38,18,1.1430283693393095,0.02112789146806137
11,17562024,325619971,19.60124152620677,4,2,OLS,38,18,1.166080325900874,0.022578911267762965
11,17562024,325619971,19.60124152620677,4,3,POIS,58,28,1.1749516733129586,0.0003912253447050401
11,17562024,325619971,19.60124152620677,4,3,WLS,58,28,1.1743232789728473,0.013728931161872477
11,17562024,325619971,19.60124152620677,4,3,OLS,58,28,1.2006111753900064,0.011655295523823227
11,17562024,325619971,19.60124152620677,4,4,POIS,78,38,1.1910759673300266,0.0003319713682209266
11,17562024,325619971,19.60124152620677,4,4,WLS,78,38,1.190236710074097,0.011008006515676775
11,17562024,325619971,19.60124152620677,4,4,OLS,78,38,1.2300803876396595,0.008467850437606839
11,17562024,325619971,19.60124152620677,4,5,POIS,98,48,1.1983973115443467,0.00031067101281537067
11,17562024,325619971,19.60124152620677,4,5,WLS,98,48,1.1973148144997572,0.009615724503660723
11,17562024,325619971,19.60124152620677,4,5,OLS,98,48,1.2503424282212214,0.006235099082696217
11,17562024,325619971,19.60124152620677,4,6,POIS,116,57,1.2013328720366196,0.0003023682977173089
11,17562024,325619971,19.60124152620677,4,6,WLS,116,57,1.200097490179638,0.008754562005314768
11,17562024,325619971,19.60124152620677,4,6,OLS,116,57,1.25910835712006,0.0048103693574317605
12,26379128,500465113,20.031048449994387,2,1,POIS,20,10,1.0378892027395632,0.0008723256557556641
12,26379128,500465113,20.031048449994387,2,1,WLS,20,10,1.03777659636956,0.052829223919712225
12,26379128,500465113,20.031048449994387,2,1,OLS,20,10,1.0585496360070998,0.054579823103678704
12,26379128,500465113,20.031048449994387,2,2,POIS,40,20,1.1125026111230467,0.00040534251417568634
12,26379128,500465113,20.031048449994387,2,2,WLS,40,20,1.1124399718807139,0.022893268806056674
12,26379128,500465113,20.031048449994387,2,2,OLS,40,20,1.136190616398013,0.02141808621713867
12,26379128,500465113,20.031048449994387,2,3,POIS,60,30,1.1538856568180202,0.00029176215291779934
12,26379128,500465113,20.031048449994387,2,3,WLS,60,30,1.153743600754137,0.015774246982524512
12,26379128,500465113,20.031048449994387,2,3,OLS,60,30,1.186190301883071,0.012092617269026733
12,26379128,500465113,20.031048449994387,2,4,POIS,80,40,1.1700954450252754,0.0002552773502270662
12,26379128,500465113,20.031048449994387,2,4,WLS,80,40,1.1695603916049655,0.01294294663776528
12,26379128,500465113,20.031048449994387,2,4,OLS,80,40,1.2185799783450277,0.008932161442952717
12,26379128,500465113,20.031048449994387,2,5,POIS,100,50,1.1780849065700423,0.00023965886862578798
12,26379128,500465113,20.031048449994387,2,5,WLS,100,50,1.1772323124364814,0.01132872185424805
12,26379128,500465113,20.031048449994387,2,5,OLS,100,50,1.237348295009935,0.006527956309700537
12,26379128,500465113,20.031048449994387,2,6,POIS,120,60,1.1817897407079554,0.00023270568188280387
12,26379128,500465113,20.031048449994387,2,6,WLS,120,60,1.1807074769432084,0.010241567560461075
12,26379128,500465113,20.031048449994387,2,6,OLS,120,60,1.2469288397894125,0.004831127154254629
12,26379128,500465113,20.031048449994387,4,1,POIS,20,9,1.1013464854289625,0.0010131422770748618
12,26379128,500465113,20.031048449994387,4,1,WLS,20,9,1.0999417893099528,0.0447967708696911
12,26379128,500465113,20.031048449994387,4,1,OLS,20,9,1.1240158326252676,0.04935851934705979
12,26379128,500465113,20.031048449994387,4,2,POIS,40,19,1.1387769892612305,0.0004397959818839267
12,26379128,500465113,20.031048449994387,4,2,WLS,40,19,1.1380187719250667,0.019185022349277738
12,26379128,500465113,20.031048449994387,4,2,OLS,40,19,1.1565049201703885,0.019918549139531443
12,26379128,500465113,20.031048449994387,4,3,POIS,60,29,1.1728178898288764,0.0003105115250044203
12,26379128,500465113,20.031048449994387,4,3,WLS,60,29,1.1722519734730006,0.012909632536783075
12,26379128,500465113,20.031048449994387,4,3,OLS,60,29,1.197391089289885,0.010949002265892153
12,26379128,500465113,20.031048449994387,4,4,POIS,80,39,1.1865469373765076,0.00026988323113469575
12,26379128,500465113,20.031048449994387,4,4,WLS,80,39,1.1857379495321343,0.010576751122390067
12,26379128,500465113,20.031048449994387,4,4,OLS,80,39,1.2261489772628544,0.00820046799364634
12,26379128,500465113,20.031048449994387,4,5,POIS,100,49,1.1934521163661478,0.0002526751920039393
12,26379128,500465113,20.031048449994387,4,5,WLS,100,49,1.1924412701224385,0.009245697227424039
12,26379128,500465113,20.031048449994387,4,5,OLS,100,49,1.24279937354256,0.00595762076024972
12,26379128,500465113,20.031048449994387,4,6,POIS,120,59,1.1966528500538143,0.0002450833259963301
12,26379128,500465113,20.031048449994387,4,6,WLS,120,59,1.1954912184062614,0.008348999163745607
12,26379128,500465113,20.031048449994387,4,6,OLS,120,59,1.2509697856001007,0.004376370406927035
13,39622904,768813691,20.460359223734425,2,1,POIS,20,10,1.0340731065594775,0.0007314795241633393
13,39622904,768813691,20.460359223734425,2,1,WLS,20,10,1.0339727794678817,0.0524343861391578
13,39622904,768813691,20.460359223734425,2,1,OLS,20,10,1.0538394180334827,0.054172286165501814
13,39622904,768813691,20.460359223734425,2,2,POIS,40,20,1.1076342869207085,0.0003373433241279428
13,39622904,768813691,20.460359223734425,2,2,WLS,40,20,1.1075801438955364,0.022612600141722682
13,39622904,768813691,20.460359223734425,2,2,OLS,40,20,1.130053657198207,0.021295283559888335
13,39622904,768813691,20.460359223734425,2,3,POIS,60,30,1.1489912531070867,0.00024092969096680165
13,39622904,768813691,20.460359223734425,2,3,WLS,60,30,1.1488900434622844,0.015471250095633807
13,39622904,768813691,20.460359223734425,2,3,OLS,60,30,1.1797401829570568,0.011958957806096817
13,39622904,768813691,20.460359223734425,2,4,POIS,80,40,1.1653269755577846,0.0002096034310032147
13,39622904,768813691,20.460359223734425,2,4,WLS,80,40,1.1648648812767213,0.012642485161030309
13,39622904,768813691,20.460359223734425,2,4,OLS,80,40,1.2113987600279417,0.008801487645404385
13,39622904,768813691,20.460359223734425,2,5,POIS,102,51,1.1743416595203895,0.0001947993139449616
13,39622904,768813691,20.460359223734425,2,5,WLS,102,51,1.1735364389414047,0.010917625500406525
13,39622904,768813691,20.460359223734425,2,5,OLS,102,51,1.231923518580084,0.006274674317812305
13,39622904,768813691,20.460359223734425,2,6,POIS,122,61,1.1776260743182274,0.00018955110073269797
13,39622904,768813691,20.460359223734425,2,6,WLS,122,61,1.1766260151410064,0.009885137399283359
13,39622904,768813691,20.460359223734425,2,6,OLS,122,61,1.24114896766455,0.00480541307528486
13,39622904,768813691,20.460359223734425,4,1,POIS,20,9,1.0967710026250759,0.0008490283875548333
13,39622904,768813691,20.460359223734425,4,1,WLS,20,9,1.0954250228729356,0.04456930684424312
13,39622904,768813691,20.460359223734425,4,1,OLS,20,9,1.118852135166729,0.04896540087389907
13,39622904,768813691,20.460359223734425,4,2,POIS,40,19,1.1333301281919659,0.00036575653748675846
13,39622904,768813691,20.460359223734425,4,2,WLS,40,19,1.1326040432372892,0.019031931596192497
13,39622904,768813691,20.460359223734425,4,2,OLS,40,19,1.1501567422919616,0.01984399883771196
13,39622904,768813691,20.460359223734425,4,3,POIS,60,29,1.1673636579353293,0.00025618100209382584
13,39622904,768813691,20.460359223734425,4,3,WLS,60,29,1.1668500109048723,0.012701934634894505
13,39622904,768813691,20.460359223734425,4,3,OLS,60,29,1.1908369676796189,0.01082022164465578
13,39622904,768813691,20.460359223734425,4,4,POIS,80,39,1.1811931586682427,0.00022135324216461102
13,39622904,768813691,20.460359223734425,4,4,WLS,80,39,1.180458940967585,0.010361767655578905
13,39622904,768813691,20.460359223734425,4,4,OLS,80,39,1.218877455704409,0.008073521551605185
13,39622904,768813691,20.460359223734425,4,5,POIS,102,50,1.189001959176429,0.00020507196582500914
13,39622904,768813691,20.460359223734425,4,5,WLS,102,50,1.1880478117065911,0.008936745992607834
13,39622904,768813691,20.460359223734425,4,5,OLS,102,50,1.237174440584992,0.005718030957877171
13,39622904,768813691,20.460359223734425,4,6,POIS,122,60,1.191834935944482,0.00019935152929720297
13,39622904,768813691,20.460359223734425,4,6,WLS,122,60,1.190752301486598,0.00808167959576742
13,39622904,768813691,20.460359223734425,4,6,OLS,122,60,1.2450665530448368,0.004383595054128216
14,59515785,1180371793,20.88909530461064,2,1,POIS,20,10,1.0298591711500749,0.0006130743077897266
14,59515785,1180371793,20.88909530461064,2,1,WLS,20,10,1.029752065168846,0.0519991939871385
14,59515785,1180371793,20.88909530461064,2,1,OLS,20,10,1.0487559677017653,0.05376790862756606
14,59515785,1180371793,20.88909530461064,2,2,POIS,40,20,1.1028543824235768,0.00028071722737575385
14,59515785,1180371793,20.88909530461064,2,2,WLS,40,20,1.102802881258749,0.022361181770466382
14,59515785,1180371793,20.88909530461064,2,2,OLS,40,20,1.124290180498026,0.02117398426672807
14,59515785,1180371793,20.88909530461064,2,3,POIS,62,31,1.1469176428748984,0.00019628759600267404
14,59515785,1180371793,20.88909530461064,2,3,WLS,62,31,1.1466849972877715,0.015055268379185168
14,59515785,1180371793,20.88909530461064,2,3,OLS,62,31,1.1836211827780587,0.012592980001529157
14,59515785,1180371793,20.88909530461064,2,4,POIS,82,41,1.1614897414844614,0.0001710015738048299
14,59515785,1180371793,20.88909530461064,2,4,WLS,82,41,1.161069559624948,0.012188416573643076
14,59515785,1180371793,20.88909530461064,2,4,OLS,82,41,1.2063479035384865,0.00834431493276107
14,59515785,1180371793,20.88909530461064,2,5,POIS,104,52,1.1704017928182102,0.0001587992078762791
14,59515785,1180371793,20.88909530461064,2,5,WLS,104,52,1.1696564704079744,0.0105520055590251
14,59515785,1180371793,20.88909530461064,2,5,OLS,104,52,1.2263800065958699,0.006015516419163193
14,59515785,1180371793,20.88909530461064,2,6,POIS,124,62,1.173639737281113,0.00015442400677938937
14,59515785,1180371793,20.88909530461064,2,6,WLS,124,62,1.1727154119411767,0.009563480726324116
14,59515785,1180371793,20.88909530461064,2,6,OLS,124,62,1.234466394139476,0.004675917340080946
14,59515785,1180371793,20.88909530461064,4,1,POIS,20,9,1.091630392089002,0.0007111682641118861
14,59515785,1180371793,20.88909530461064,4,1,WLS,20,9,1.0903249385932297,0.04441060042694822
14,59515785,1180371793,20.88909530461064,4,1,OLS,20,9,1.113120867598318,0.04871264635564924
14,59515785,1180371793,20.88909530461064,4,2,POIS,40,19,1.1279884531278832,0.00030415712694302114
14,59515785,1180371793,20.88909530461064,4,2,WLS,40,19,1.1272927354647386,0.018915100445640463
14,59515785,1180371793,20.88909530461064,4,2,OLS,40,19,1.1442043611779602,0.019761917713576316
14,59515785,1180371793,20.88909530461064,4,3,POIS,62,30,1.1646083623667278,0.00020839539601867315
14,59515785,1180371793,20.88909530461064,4,3,WLS,62,30,1.1639942404477064,0.012470650403079618
14,59515785,1180371793,20.88909530461064,4,3,OLS,62,30,1.1945545340161154,0.011649014128112409
14,59515785,1180371793,20.88909530461064,4,4,POIS,82,40,1.1767002376280515,0.00018034822977930362
14,59515785,1180371793,20.88909530461064,4,4,WLS,82,40,1.176021224734597,0.010024294439809647
14,59515785,1180371793,20.88909530461064,4,4,OLS,82,40,1.213459906690967,0.007636874890441156
14,59515785,1180371793,20.88909530461064,4,5,POIS,104,51,1.184447000606304,0.00016695436113729395
14,59515785,1180371793,20.88909530461064,4,5,WLS,104,51,1.1835576719151006,0.0086690543408828
14,59515785,1180371793,20.88909530461064,4,5,OLS,104,51,1.2314252691371814,0.005473837515586944
14,59515785,1180371793,20.88909530461064,4,6,POIS,124,61,1.1872404069573252,0.00016219195977143722
14,59515785,1180371793,20.88909530461064,4,6,WLS,124,61,1.1862331214969644,0.007847065733911371
14,59515785,1180371793,20.88909530461064,4,6,OLS,124,61,1.2382248477423083,0.004280027213623717
15,100000000,2038074743,21.435271445755504,2,1,POIS,20,10,1.0249810739748766,0.0004891052418309895
15,100000000,2038074743,21.435271445755504,2,1,WLS,20,10,1.0248890003181472,0.05154998601437525
15,100000000,2038074743,21.435271445755504,2,1,OLS,20,10,1.0428409491122312,0.05330578830897041
15,100000000,2038074743,21.435271445755504,2,2,POIS,42,21,1.1091638967879203,0.00020644016260905983
15,100000000,2038074743,21.435271445755504,2,2,WLS,42,21,1.109006738838835,0.02116634481014366
15,100000000,2038074743,21.435271445755504,2,2,OLS,42,21,1.1291627911879327,0.020171620919025902
15,100000000,2038074743,21.435271445755504,2,3,POIS,64,32,1.1416787982437495,0.0001516403675606929
15,100000000,2038074743,21.435271445755504,2,3,WLS,64,32,1.1415247288359056,0.014289717750261506
15,100000000,2038074743,21.435271445755504,2,3,OLS,64,32,1.1737565496629752,0.011745654447489005
15,100000000,2038074743,21.435271445755504,2,4,POIS,84,42,1.1575264575628614,0.00013099349618944973
15,100000000,2038074743,21.435271445755504,2,4,WLS,84,42,1.1571536757373868,0.011630664630615904
15,100000000,2038074743,21.435271445755504,2,4,OLS,84,42,1.1997979483514285,0.007927319517662632
15,100000000,2038074743,21.435271445755504,2,5,POIS,106,53,1.165443098278648,0.00012251539594071965
15,100000000,2038074743,21.435271445755504,2,5,WLS,106,53,1.164781564417017,0.010126976911606802
15,100000000,2038074743,21.435271445755504,2,5,OLS,106,53,1.2186681506619081,0.005749890991708578
15,100000000,2038074743,21.435271445755504,2,6,POIS,128,64,1.1691783776829032,0.00011861347811297465
15,100000000,2038074743,21.435271445755504,2,6,WLS,128,64,1.1683031379215474,0.009117489335159216
15,100000000,2038074743,21.435271445755504,2,6,OLS,128,64,1.2294248708295505,0.004464504928204333
15,100000000,2038074743,21.435271445755504,4,1,POIS,20,9,1.0858496228460017,0.0005669552844195691
15,100000000,2038074743,21.435271445755504,4,1,WLS,20,9,1.084608452807247,0.044181956447889935
15,100000000,2038074743,21.435271445755504,4,1,OLS,20,9,1.1066210774259801,0.048315816583156486
15,100000000,2038074743,21.435271445755504,4,2,POIS,42,20,1.1323428435640484,0.00022251095409378356
15,100000000,2038074743,21.435271445755504,4,2,WLS,42,20,1.131636276935776,0.017972783096737173
15,100000000,2038074743,21.435271445755504,4,2,OLS,42,20,1.1480724521706458,0.018751971277348768
15,100000000,2038074743,21.435271445755504,4,3,POIS,64,31,1.1584339556075807,0.00016071969953018392
15,100000000,2038074743,21.435271445755504,4,3,WLS,64,31,1.1579071591965657,0.011858004827329295
15,100000000,2038074743,21.435271445755504,4,3,OLS,64,31,1.183727779250265,0.010921370276674044
15,100000000,2038074743,21.435271445755504,4,4,POIS,84,41,1.1718573119063849,0.0001378909553504225
15,100000000,2038074743,21.435271445755504,4,4,WLS,84,41,1.1712435957943779,0.009590696658539554
15,100000000,2038074743,21.435271445755504,4,4,OLS,84,41,1.2065570350134593,0.007245513237717998
15,100000000,2038074743,21.435271445755504,4,5,POIS,106,52,1.1787836956784736,0.00012861029419160953
15,100000000,2038074743,21.435271445755504,4,5,WLS,106,52,1.1779776303735916,0.008345801814344946
15,100000000,2038074743,21.435271445755504,4,5,OLS,106,52,1.2234852239117942,0.0052299747647318005
15,100000000,2038074743,21.435271445755504,4,6,POIS,128,63,1.1820377886387576,0.0001243718943006645
15,100000000,2038074743,21.435271445755504,4,6,WLS,128,63,1.181084990115434,0.007507401339592407
15,100000000,2038074743,21.435271445755504,4,6,OLS,128,63,1.233009964852379,0.004083328349238001
16,134277704,2778410251,21.745144748920875,2,1,POIS,20,10,1.0225568428895373,0.0004300751251412939
16,134277704,2778410251,21.745144748920875,2,1,WLS,20,10,1.0224770705482582,0.05126660034545091
16,134277704,2778410251,21.745144748920875,2,1,OLS,20,10,1.039906261038742,0.05302727697348535
16,134277704,2778410251,21.745144748920875,2,2,POIS,42,21,1.1061827159025472,0.00018054494760239262
16,134277704,2778410251,21.745144748920875,2,2,WLS,42,21,1.1060396857805894,0.020979229415708654
16,134277704,2778410251,21.745144748920875,2,2,OLS,42,21,1.1254669487899425,0.020067389263309744
16,134277704,2778410251,21.745144748920875,2,3,POIS,64,32,1.138575418114449,0.0001319851864669477
16,134277704,2778410251,21.745144748920875,2,3,WLS,64,32,1.1384450753307547,0.014101883003204311
16,134277704,2778410251,21.745144748920875,2,3,OLS,64,32,1.169490236477934,0.011653865705774582
16,134277704,2778410251,21.745144748920875,2,4,POIS,86,43,1.1553671409849255,0.00011285403856688012
16,134277704,2778410251,21.745144748920875,2,4,WLS,86,43,1.154993736541065,0.011301375805670505
16,134277704,2778410251,21.745144748920875,2,4,OLS,86,43,1.1988447894921566,0.007769924263808048
16,134277704,2778410251,21.745144748920875,2,5,POIS,108,54,1.16316801466231,0.00010532338685605614
16,134277704,2778410251,21.745144748920875,2,5,WLS,108,54,1.1625364869600732,0.009835077428003032
16,134277704,2778410251,21.745144748920875,2,5,OLS,108,54,1.2147844661465563,0.005539632769913731
16,134277704,2778410251,21.745144748920875,2,6,POIS,130,65,1.1666565804841054,0.0001021744287740531
16,134277704,2778410251,21.745144748920875,2,6,WLS,130,65,1.1658204088590598,0.008879159303216881
16,134277704,2778410251,21.745144748920875,2,6,OLS,130,65,1.2254639192549692,0.004341793004718465
16,134277704,2778410251,21.745144748920875,4,1,POIS,20,9,1.083054039766658,0.000498337165698301
16,134277704,2778410251,21.745144748920875,4,1,WLS,20,9,1.081838699996213,0.04389983964052522
16,134277704,2778410251,21.745144748920875,4,1,OLS,20,9,1.1035013988325615,0.04796063978741833
16,134277704,2778410251,21.745144748920875,4,2,POIS,42,20,1.129059284170696,0.00019451518566811766
16,134277704,2778410251,21.745144748920875,4,2,WLS,42,20,1.1283764933962968,0.017831962580774824
16,134277704,2778410251,21.745144748920875,4,2,OLS,42,20,1.1442844263356837,0.01865280399719722
16,134277704,2778410251,21.745144748920875,4,3,POIS,64,31,1.1550192322713222,0.0001398122532630082
16,134277704,2778410251,21.745144748920875,4,3,WLS,64,31,1.1545202591847312,0.011714073514297355
16,134277704,2778410251,21.745144748920875,4,3,OLS,64,31,1.179392464549825,0.010832931920205681
16,134277704,2778410251,21.745144748920875,4,4,POIS,86,42,1.1692886294516458,0.00011868656900903003
16,134277704,2778410251,21.745144748920875,4,4,WLS,86,42,1.1686824297439327,0.009332010455409169
16,134277704,2778410251,21.745144748920875,4,4,OLS,86,42,1.205402741328552,0.007116161900870028
16,134277704,2778410251,21.745144748920875,4,5,POIS,108,53,1.1760801956339175,0.00011045567573782755
16,134277704,2778410251,21.745144748920875,4,5,WLS,108,53,1.1753086135168251,0.008111870024123575
16,134277704,2778410251,21.745144748920875,4,5,OLS,108,53,1.2194126595251986,0.0050392791040553934
16,134277704,2778410251,21.745144748920875,4,6,POIS,130,64,1.1791335560255298,0.00010704016634702779
16,134277704,2778410251,21.745144748920875,4,6,WLS,130,64,1.1782187117744576,0.007319062288181613
16,134277704,2778410251,21.745144748920875,4,6,OLS,130,64,1.228933429575958,0.003974418090172587
17,201692513,4259763509,22.172479481367464,2,1,POIS,22,11,1.0069041043713336,0.00032607606031557763
17,201692513,4259763509,22.172479481367464,2,1,WLS,22,11,1.006652247926895,0.044207916079775034
17,201692513,4259763509,22.172479481367464,2,1,OLS,22,11,1.0112714427988911,0.04535500929005379
17,201692513,4259763509,22.172479481367464,2,2,POIS,44,22,1.1072734579733667,0.00014543746156082154
17,201692513,4259763509,22.172479481367464,2,2,WLS,44,22,1.1071075545201636,0.020081250199599294
17,201692513,4259763509,22.172479481367464,2,2,OLS,44,22,1.1312296057376034,0.01910654325691922
17,201692513,4259763509,22.172479481367464,2,3,POIS,66,33,1.1373258469036347,0.0001058437887107076
17,201692513,4259763509,22.172479481367464,2,3,WLS,66,33,1.1372225950060566,0.01340224946494257
17,201692513,4259763509,22.172479481367464,2,3,OLS,66,33,1.16682021738167,0.010969630197197612
17,201692513,4259763509,22.172479481367464,2,4,POIS,88,44,1.1520520479341836,9.203599340451919e-05
17,201692513,4259763509,22.172479481367464,2,4,WLS,88,44,1.151722427566174,0.010882778263257308
17,201692513,4259763509,22.172479481367464,2,4,OLS,88,44,1.1939312386694882,0.007368099604444227
17,201692513,4259763509,22.172479481367464,2,5,POIS,110,55,1.1599703239310566,8.580147417646185e-05
17,201692513,4259763509,22.172479481367464,2,5,WLS,110,55,1.1593648978482272,0.009511109159067405
17,201692513,4259763509,22.172479481367464,2,5,OLS,110,55,1.2110763600992758,0.00544867301196035
17,201692513,4259763509,22.172479481367464,2,6,POIS,132,66,1.1634066264834326,8.314666270196955e-05
17,201692513,4259763509,22.172479481367464,2,6,WLS,132,66,1.1626120149911647,0.008589323576689064
17,201692513,4259763509,22.172479481367464,2,6,OLS,132,66,1.22070840154549,0.004272282972111172
17,201692513,4259763509,22.172479481367464,4,1,POIS,22,10,1.0554702651963463,0.0003733617879933386
17,201692513,4259763509,22.172479481367464,4,1,WLS,22,10,1.0539958922245742,0.04013277159480169
17,201692513,4259763509,22.172479481367464,4,1,OLS,22,10,1.0568463925938574,0.04524463810380305
17,201692513,4259763509,22.172479481367464,4,2,POIS,44,21,1.1291811896259794,0.0001563235385217227
17,201692513,4259763509,22.172479481367464,4,2,WLS,44,21,1.128516623940112,0.01709579767588975
17,201692513,4259763509,22.172479481367464,4,2,OLS,44,21,1.1491197422930461,0.017685274374712682
17,201692513,4259763509,22.172479481367464,4,3,POIS,66,32,1.1528375973512415,0.00011188501108732622
17,201692513,4259763509,22.172479481367464,4,3,WLS,66,32,1.1523939406904549,0.01113080415483155
17,201692513,4259763509,22.172479481367464,4,3,OLS,66,32,1.1761884291973295,0.010159827694552767
17,201692513,4259763509,22.172479481367464,4,4,POIS,88,43,1.1654216135581852,9.668054870078299e-05
17,201692513,4259763509,22.172479481367464,4,4,WLS,88,43,1.1648664652424892,0.00899842624869268
17,201692513,4259763509,22.172479481367464,4,4,OLS,88,43,1.200162433492822,0.006736473884485557
17,201692513,4259763509,22.172479481367464,4,5,POIS,110,54,1.1723677702733981,8.987883606253543e-05
17,201692513,4259763509,22.172479481367464,4,5,WLS,110,54,1.1716273193873783,0.007862805572865617
17,201692513,4259763509,22.172479481367464,4,5,OLS,110,54,1.2155722375507036,0.004971500268885436
17,201692513,4259763509,22.172479481367464,4,6,POIS,132,65,1.1753656985307792,8.700355666132299e-05
17,201692513,4259763509,22.172479481367464,4,6,WLS,132,65,1.1744941785245826,0.007095187982739899
17,201692513,4259763509,22.172479481367464,4,6,OLS,132,65,1.2240795040332892,0.0039220732812728495
18,302953271,6528037501,22.599372199230196,2,1,POIS,22,11,1.0033198025467027,0.0002726983449288121
18,302953271,6528037501,22.599372199230196,2,1,WLS,22,11,1.0030624614963108,0.043972410950396085
18,302953271,6528037501,22.599372199230196,2,1,OLS,22,11,1.007214468446528,0.0451442461528816
18,302953271,6528037501,22.599372199230196,2,2,POIS,44,22,1.1035296333708966,0.00012080272470269651
18,302953271,6528037501,22.599372199230196,2,2,WLS,44,22,1.103375711336062,0.019905509118165087
18,302953271,6528037501,22.599372199230196,2,2,OLS,44,22,1.126645261352024,0.019036015697158425
18,302953271,6528037501,22.599372199230196,2,3,POIS,66,33,1.1333971124381008,8.734451603917809e-05
18,302953271,6528037501,22.599372199230196,2,3,WLS,66,33,1.1333166597955981,0.013199187579533918
18,302953271,6528037501,22.599372199230196,2,3,OLS,66,33,1.161576515666337,0.010908010141389975
18,302953271,6528037501,22.599372199230196,2,4,POIS,90,45,1.150069765718588,7.439610903574362e-05
18,302953271,6528037501,22.599372199230196,2,4,WLS,90,45,1.1497241484499476,0.010514572319281577
18,302953271,6528037501,22.599372199230196,2,4,OLS,90,45,1.190870349784669,0.0071292031366352974
18,302953271,6528037501,22.599372199230196,2,5,POIS,112,56,1.1566618451596764,6.994912479015638e-05
18,302953271,6528037501,22.599372199230196,2,5,WLS,112,56,1.1561087183289092,0.009209372559056744
18,302953271,6528037501,22.599372199230196,2,5,OLS,112,56,1.2058242255384504,0.0052084610914434745
18,302953271,6528037501,22.599372199230196,2,6,POIS,134,67,1.1600989062978857,6.776398898700937e-05
18,302953271,6528037501,22.599372199230196,2,6,WLS,134,67,1.1593576809173345,0.008333131154441877
18,302953271,6528037501,22.599372199230196,2,6,OLS,134,67,1.2158609940941774,0.004142663432773167
18,302953271,6528037501,22.599372199230196,4,1,POIS,22,10,1.0512760340715934,0.00031209240867748804
18,302953271,6528037501,22.599372199230196,4,1,WLS,22,10,1.049834518536823,0.040075697896074985
18,302953271,6528037501,22.599372199230196,4,1,OLS,22,10,1.052446416562645,0.04510033121694854
18,302953271,6528037501,22.599372199230196,4,2,POIS,44,21,1.1250526833213028,0.00012977431020578847
18,302953271,6528037501,22.599372199230196,4,2,WLS,44,21,1.1244164220820378,0.017004469098541326
18,302953271,6528037501,22.599372199230196,4,2,OLS,44,21,1.1444235724323228,0.017638649114836882
18,302953271,6528037501,22.599372199230196,4,3,POIS,66,32,1.1485193270544918,9.226720007678248e-05
18,302953271,6528037501,22.599372199230196,4,3,WLS,66,32,1.1481066316887787,0.010996431390959504
18,302953271,6528037501,22.599372199230196,4,3,OLS,66,32,1.170864834406592,0.010112237077619374
18,302953271,6528037501,22.599372199230196,4,4,POIS,90,44,1.1628291430761943,7.803602192099748e-05
18,302953271,6528037501,22.599372199230196,4,4,WLS,90,44,1.1622780394979753,0.00872213972009108
18,302953271,6528037501,22.599372199230196,4,4,OLS,90,44,1.196878972004675,0.006518083070370518
18,302953271,6528037501,22.599372199230196,4,5,POIS,112,55,1.1685863264942922,7.319454152435608e-05
18,302953271,6528037501,22.599372199230196,4,5,WLS,112,55,1.16790054013235,0.007631142260654784
18,302953271,6528037501,22.599372199230196,4,5,OLS,112,55,1.2101343058390879,0.0047450883521220405
18,302953271,6528037501,22.599372199230196,4,6,POIS,134,66,1.1716008111996192,7.083102088158089e-05
18,302953271,6528037501,22.599372199230196,4,6,WLS,134,66,1.170782039945939,0.006901528412930213
18,302953271,6528037501,22.599372199230196,4,6,OLS,134,66,1.219128497144262,0.0038017070756654467
19,455052511,9999999967,23.025850926640455,2,1,POIS,22,11,1.0001281183382893,0.00022797476611562977
19,455052511,9999999967,23.025850926640455,2,1,WLS,22,11,0.9998790041854434,0.043729977567616936
19,455052511,9999999967,23.025850926640455,2,1,OLS,22,11,1.003607166917687,0.044895095040857376
19,455052511,9999999967,23.025850926640455,2,2,POIS,46,23,1.1031202930582333,9.743361001159454e-05
19,455052511,9999999967,23.025850926640455,2,2,WLS,46,23,1.1030107342535727,0.01891067145592016
19,455052511,9999999967,23.025850926640455,2,2,OLS,46,23,1.1277427954856774,0.017585241806498977
19,455052511,9999999967,23.025850926640455,2,3,POIS,68,34,1.131408533283686,7.112061971932329e-05
19,455052511,9999999967,23.025850926640455,2,3,WLS,68,34,1.131309505060772,0.01276185367615651
19,455052511,9999999967,23.025850926640455,2,3,OLS,68,34,1.1616003003170634,0.010583815878498866
19,455052511,9999999967,23.025850926640455,2,4,POIS,92,46,1.1472467444457752,6.070339500815142e-05
19,455052511,9999999967,23.025850926640455,2,4,WLS,92,46,1.1469058831157055,0.010194787593148995
19,455052511,9999999967,23.025850926640455,2,4,OLS,92,46,1.1888490625187615,0.0070358277796226205
19,455052511,9999999967,23.025850926640455,2,5,POIS,114,57,1.1537846835649905,5.6890165934604604e-05
19,455052511,9999999967,23.025850926640455,2,5,WLS,114,57,1.1532670693452398,0.00891220355630588
19,455052511,9999999967,23.025850926640455,2,5,OLS,114,57,1.201250429750622,0.005016839470233966
19,455052511,9999999967,23.025850926640455,2,6,POIS,138,69,1.1571835206103296,5.509361878529427e-05
19,455052511,9999999967,23.025850926640455,2,6,WLS,138,69,1.156478048677787,0.008016522431766896
19,455052511,9999999967,23.025850926640455,2,6,OLS,138,69,1.211918077567645,0.0039651197760467586
19,455052511,9999999967,23.025850926640455,4,1,POIS,22,10,1.0475899822144001,0.0002607886137187323
19,455052511,9999999967,23.025850926640455,4,1,WLS,22,10,1.046189166809451,0.03993658747458482
19,455052511,9999999967,23.025850926640455,4,1,OLS,22,10,1.0485952587707714,0.044848524321325446
19,455052511,9999999967,23.025850926640455,4,2,POIS,46,22,1.1236757884417605,0.000104443595236502
19,455052511,9999999967,23.025850926640455,4,2,WLS,46,22,1.12311526897057,0.016127060070710495
19,455052511,9999999967,23.025850926640455,4,2,OLS,46,22,1.1443143529796909,0.016162990693577427
19,455052511,9999999967,23.025850926640455,4,3,POIS,68,33,1.145995578016743,7.503493181451167e-05
19,455052511,9999999967,23.025850926640455,4,3,WLS,68,33,1.145583061857126,0.010658869444256872
19,455052511,9999999967,23.025850926640455,4,3,OLS,68,33,1.170561631265263,0.009810632160441209
19,455052511,9999999967,23.025850926640455,4,4,POIS,92,45,1.1595632946546897,6.360822261583282e-05
19,455052511,9999999967,23.025850926640455,4,4,WLS,92,45,1.1590252923667577,0.008478047196415282
19,455052511,9999999967,23.025850926640455,4,4,OLS,92,45,1.194688576247262,0.006456298385840925
19,455052511,9999999967,23.025850926640455,4,5,POIS,114,56,1.16523801455413,5.9463650042510735e-05
19,455052511,9999999967,23.025850926640455,4,5,WLS,114,56,1.1645930248389984,0.00739748293817118
19,455052511,9999999967,23.025850926640455,4,5,OLS,114,56,1.2054033391920769,0.0045670883307079016
19,455052511,9999999967,23.025850926640455,4,6,POIS,138,68,1.1682255268284758,5.7523870328615605e-05
19,455052511,9999999967,23.025850926640455,4,6,WLS,138,68,1.1674458794227234,0.0066510913025727685
19,455052511,9999999967,23.025850926640455,4,6,OLS,138,68,1.2150160247864696,0.003644455681268095
