g_min,c,estimator,C_first,C_last,net,monotone_dec,monotone_inc
2,1,OLS,1.0269054779505258,1.003607166917687,-0.02329831103283886,False,False
2,1,POIS,1.0197214093198366,1.0001281183382893,-0.019593290981547273,False,False
2,1,WLS,1.021323025208243,0.9998790041854434,-0.02144402102279963,False,False
2,2,OLS,1.1629817296302833,1.1277427954856774,-0.03523893414460599,False,False
2,2,POIS,1.1404406365235789,1.1031202930582333,-0.03732034346534552,False,False
2,2,WLS,1.1402050522319764,1.1030107342535727,-0.03719431797840378,False,False
2,3,OLS,1.272793364108779,1.1616003003170634,-0.11119306379171556,False,False
2,3,POIS,1.2138340346485539,1.131408533283686,-0.08242550136486781,True,False
2,3,WLS,1.2121949127223388,1.131309505060772,-0.08088540766156682,True,False
2,4,OLS,1.3040653946825842,1.1888490625187615,-0.11521633216382265,True,False
2,4,POIS,1.2356005057358834,1.1472467444457752,-0.08835376129010819,True,False
2,4,WLS,1.2331062647913225,1.1469058831157055,-0.08620038167561694,True,False
2,5,OLS,1.3449044388226934,1.201250429750622,-0.1436540090720715,True,False
2,5,POIS,1.2489504674344272,1.1537846835649905,-0.09516578386943664,True,False
2,5,WLS,1.24533596583483,1.1532670693452398,-0.09206889648959016,True,False
2,6,OLS,1.3486415597895087,1.211918077567645,-0.1367234822218637,False,False
2,6,POIS,1.2516663167349666,1.1571835206103296,-0.09448279612463706,True,False
2,6,WLS,1.2479483726383265,1.156478048677787,-0.09147032396053945,True,False
4,1,OLS,1.1342195987304706,1.0485952587707714,-0.0856243399596992,False,False
4,1,POIS,1.1333380083215057,1.0475899822144001,-0.08574802610710552,False,False
4,1,WLS,1.1325549963141692,1.046189166809451,-0.08636582950471827,False,False
4,2,OLS,1.1971924380548873,1.1443143529796909,-0.052878085075196424,False,False
4,2,POIS,1.187686962019761,1.1236757884417605,-0.06401117357800046,False,False
4,2,WLS,1.1857842319343042,1.12311526897057,-0.06266896296373425,False,False
4,3,OLS,1.2936907444547376,1.170561631265263,-0.12312911318947473,False,False
4,3,POIS,1.248289206901257,1.145995578016743,-0.10229362888451399,True,False
4,3,WLS,1.2458233298430483,1.145583061857126,-0.10024026798592223,True,False
4,4,OLS,1.3173912609920129,1.194688576247262,-0.12270268474475077,True,False
4,4,POIS,1.2663588742308205,1.1595632946546897,-0.10679557957613084,True,False
4,4,WLS,1.2633384402977919,1.1590252923667577,-0.10431314793103419,True,False
4,5,OLS,1.354897319217289,1.2054033391920769,-0.1494939800252122,True,False
4,5,POIS,1.2778490523137414,1.16523801455413,-0.11261103775961145,True,False
4,5,WLS,1.2740591839914455,1.1645930248389984,-0.10946615915244706,True,False
4,6,OLS,1.355846687947031,1.2150160247864696,-0.14083066316056136,False,False
4,6,POIS,1.2797300894039534,1.1682255268284758,-0.11150456257547758,True,False
4,6,WLS,1.2759207321012775,1.1674458794227234,-0.10847485267855417,True,False
